Team,Season Start,Season End,GP,W,L,T,OT,P,P%,RW,ROW,S/O Win,GF,GA,GF/GP,GA/GP,PP%,PK%,Net PP%,Net PK%,Shots/GP,SA/GP,FOW%
Anaheim Ducks,2020,2021,56,17,30,--,9,43,0.384,11,15,2,124,177,2.21,3.16,8.9,79.9,4.9,81.1,26.8,30.6,51
Anaheim Ducks,2009,2010,82,39,32,--,11,89,0.543,31,34,5,233,243,2.84,2.96,21,79.3,18,81.8,30.1,33.4,48.1
Anaheim Ducks,2016,2017,82,46,23,--,13,105,0.64,40,43,3,220,197,2.68,2.4,18.7,84.7,15.9,87.9,29.6,29.6,54.7
Anaheim Ducks,2006,2007,82,48,20,--,14,110,0.671,39,44,4,254,198,3.1,2.41,22.4,85.1,21.4,86.1,31.5,27.4,51.9
Anaheim Ducks,2007,2008,82,47,27,--,8,102,0.622,35,39,8,197,184,2.4,2.24,16.6,83.1,14.7,85.1,27.3,28,50.2
Anaheim Ducks,2012,2013,48,30,12,--,6,66,0.688,23,24,6,134,115,2.79,2.4,21.5,81.5,17.8,84.6,28.1,27.9,47.5
Anaheim Ducks,2014,2015,82,51,24,--,7,109,0.665,35,43,8,228,221,2.78,2.7,15.7,81,13.2,84.3,30,28.9,51.7
Anaheim Ducks,2021,2022,82,31,37,--,14,76,0.463,22,27,4,228,266,2.78,3.24,21.9,80.8,20.1,83.5,29.2,33.2,48.2
Anaheim Ducks,2000,2001,82,25,41,11,5,66,0.402,21,25,0,188,245,2.29,2.99,17.7,81.8,14.2,83.3,25.9,29.5,48.3
Anaheim Ducks,2015,2016,82,46,25,--,11,103,0.628,39,43,3,215,188,2.62,2.29,23.1,87.2,21.9,89.7,30.3,27.5,51.9
Anaheim Ducks,2001,2002,82,29,42,8,3,69,0.421,26,29,0,175,198,2.13,2.41,11.5,86.1,9.1,87.3,26.1,27.5,51
Anaheim Ducks,2002,2003,82,40,27,9,6,95,0.579,34,40,0,203,193,2.48,2.35,16.1,87.4,14.7,89.8,27.4,29,55.2
Anaheim Ducks,2005,2006,82,43,27,--,12,98,0.598,37,40,3,251,222,3.06,2.71,18.1,83.5,15.4,85.3,31.5,29.6,50.8
Anaheim Ducks,2018,2019,82,35,37,--,10,80,0.488,27,32,3,196,248,2.39,3.02,17,79.7,12.3,81.6,27.7,33.2,51.3
Anaheim Ducks,2017,2018,82,44,25,--,13,101,0.616,35,40,4,231,209,2.82,2.55,17.8,83.2,15.9,86.9,30.2,33.1,51.3
Anaheim Ducks,2003,2004,82,29,35,10,8,76,0.463,25,29,0,184,213,2.24,2.6,18.1,84.7,16.8,86.1,29.7,29.8,55.3
Anaheim Ducks,2011,2012,82,34,36,--,12,80,0.488,29,31,3,201,224,2.45,2.73,16.6,82,14.8,83.4,27.9,28.9,47.4
Anaheim Ducks,2008,2009,82,42,33,--,7,91,0.555,30,35,7,238,235,2.9,2.87,23.6,79.7,21,81.3,30.3,30.5,49.8
Anaheim Ducks,1999,2000,82,34,33,12,3,83,0.506,31,34,0,217,227,2.65,2.77,16.6,79.1,14.2,80.4,28.7,27.5,49.1
Anaheim Ducks,2019,2020,71,29,33,--,9,67,0.472,20,24,5,182,225,2.56,3.17,14.7,77,12,81.7,29.7,32.1,50.5
Anaheim Ducks,2010,2011,82,47,30,--,5,99,0.604,34,43,4,235,233,2.87,2.84,23.5,81.3,21.1,83.6,28.5,32.3,47.7
Anaheim Ducks,2013,2014,82,54,20,--,8,116,0.707,44,51,3,263,203,3.21,2.48,16,82.2,13.1,85.9,31.3,28.7,49.2
Anaheim Ducks,1998,1999,82,35,34,13,--,83,0.506,34,35,0,215,206,2.62,2.51,22,84.5,20.1,86.1,28.4,31.7,49
Anaheim Ducks,2022,2023,82,23,47,--,12,58,0.354,13,20,3,206,335,2.51,4.09,15.7,72.1,12.7,72.5,28.4,39.1,46.7
Arizona Coyotes,2019,2020,70,33,29,--,8,74,0.529,26,28,5,190,183,2.71,2.61,19.2,82.7,16.8,85.3,31.7,32.4,49.1
Arizona Coyotes,2018,2019,82,39,35,--,8,86,0.524,30,35,4,209,220,2.55,2.68,16.3,85,12.8,92,30.7,30.8,47.9
Arizona Coyotes,2015,2016,82,35,39,--,8,78,0.476,29,34,1,208,244,2.54,2.98,17.7,77.3,13,78.6,27.6,31,54.7
Arizona Coyotes,2022,2023,82,28,40,--,14,70,0.427,20,25,3,225,295,2.74,3.6,18.9,74.6,16.4,76.2,25.8,35,45.9
Arizona Coyotes,2020,2021,56,24,26,--,6,54,0.482,19,21,3,150,174,2.68,3.11,20.8,80.8,18.5,82,27.5,30.5,49.1
Arizona Coyotes,2017,2018,82,29,41,--,12,70,0.427,20,27,2,206,251,2.51,3.06,16.9,80,12.8,80.9,29.9,32.2,47.7
Arizona Coyotes,2016,2017,82,30,42,--,10,70,0.427,20,24,6,191,258,2.33,3.15,16.2,77.3,13.2,80.4,27.8,34.1,48
Arizona Coyotes,2014,2015,82,24,50,--,8,56,0.341,14,19,5,165,267,2.01,3.26,20,76.7,17,78.1,29.2,33.2,51.9
Arizona Coyotes,2021,2022,82,25,50,--,7,57,0.348,18,24,1,206,309,2.51,3.77,13.9,75,11.9,76.2,25.9,35.5,47.3
Atlanta Thrashers,2000,2001,82,23,45,12,2,60,0.366,21,23,0,211,289,2.57,3.52,13.7,77.9,11.7,80.2,27.9,32.4,46.1
Atlanta Thrashers,2007,2008,82,34,40,--,8,76,0.463,19,25,9,207,266,2.52,3.24,16.5,78.8,13.3,82.5,25.8,33.9,51.8
Atlanta Thrashers,2005,2006,82,41,33,--,8,90,0.549,31,36,5,276,270,3.37,3.29,18.9,79.2,17.1,81.9,30.8,30.3,50.1
Atlanta Thrashers,1999,2000,82,14,57,7,4,39,0.238,14,14,0,170,313,2.07,3.82,12.6,80.3,8.9,81.9,25.8,31,46.1
Atlanta Thrashers,2001,2002,82,19,47,11,5,54,0.329,16,19,0,187,288,2.28,3.51,12.1,81.8,8.2,82.7,24.2,35.5,46.3
Atlanta Thrashers,2002,2003,82,31,39,7,5,74,0.451,24,31,0,226,284,2.76,3.46,17.3,81.7,13.5,83.9,26.4,31.6,45.9
Atlanta Thrashers,2010,2011,82,34,36,--,12,80,0.488,19,29,5,218,262,2.66,3.2,18.3,77.5,14.9,79.7,31.5,32.2,48.7
Atlanta Thrashers,2006,2007,82,43,28,--,11,97,0.591,29,36,7,239,241,2.91,2.94,16.5,79.8,14,82.1,29.7,31.5,52.9
Atlanta Thrashers,2009,2010,82,35,34,--,13,83,0.506,29,31,4,230,250,2.8,3.05,16.1,82.2,14.9,85,29.4,33.1,50.9
Atlanta Thrashers,2003,2004,82,33,37,8,4,78,0.476,27,33,0,214,243,2.61,2.96,14.7,85.2,13,88,26.1,29.4,46.7
Atlanta Thrashers,2008,2009,82,35,41,--,6,76,0.463,24,28,7,250,279,3.05,3.4,19.3,76,16.5,79.5,28.1,32.7,51.2
Boston Bruins,2005,2006,82,29,37,--,16,74,0.451,23,27,2,228,258,2.78,3.15,14.8,83.7,12.4,85.6,30.6,32.1,52
Boston Bruins,2016,2017,82,44,31,--,7,95,0.579,38,42,2,232,209,2.83,2.55,21.7,85.7,19.3,89.4,33.2,26.8,53.2
Boston Bruins,1999,2000,82,24,33,19,6,73,0.445,23,24,0,210,248,2.56,3.02,14.4,79.5,13.2,79.5,30.7,27.7,49
Boston Bruins,2021,2022,82,51,26,--,5,107,0.652,40,49,2,253,218,3.09,2.66,21.2,81.3,18.6,83.2,36.1,28.7,54.2
Boston Bruins,2022,2023,82,65,12,--,5,135,0.823,54,61,4,301,174,3.67,2.12,22.2,87.3,19.4,90.1,33,29.8,54.5
Boston Bruins,2003,2004,82,41,19,15,7,104,0.634,33,41,0,209,188,2.55,2.29,16,83.6,11.7,85.7,30.5,27.8,52.1
Boston Bruins,2008,2009,82,53,19,--,10,116,0.707,46,49,4,270,190,3.29,2.32,23.6,82.4,21.4,85,30.3,30.8,51
Boston Bruins,2009,2010,82,39,30,--,13,91,0.555,25,29,10,196,191,2.39,2.33,16.6,86.4,15.1,88.6,31.7,29.8,52.6
Boston Bruins,2000,2001,82,36,30,8,8,88,0.537,32,36,0,227,249,2.77,3.04,16.4,82.8,14.6,84.9,28.8,26.7,49.2
Boston Bruins,2011,2012,82,49,29,--,4,102,0.622,38,40,9,260,199,3.17,2.43,17.2,83.5,16.8,86.5,32.4,29.8,54.5
Boston Bruins,2006,2007,82,35,41,--,6,76,0.463,22,26,9,210,285,2.56,3.48,17.2,81.7,12.9,83.5,28.9,33.5,48.3
Boston Bruins,2018,2019,82,49,24,--,9,107,0.652,38,47,2,257,212,3.13,2.59,25.9,79.9,19.9,82.8,32.7,29.5,50.7
Boston Bruins,2010,2011,82,46,25,--,11,103,0.628,43,44,2,244,189,2.98,2.3,16.2,82.6,14.3,86.8,32.9,32.7,51.9
Boston Bruins,2007,2008,82,41,29,--,12,94,0.573,32,35,6,206,215,2.51,2.62,17.6,78.6,15.7,81.3,28.5,30.5,49.1
Boston Bruins,2020,2021,56,33,16,--,7,73,0.652,25,29,4,164,134,2.93,2.39,21.9,86,18.1,91,33.3,27.1,55.3
Boston Bruins,2014,2015,82,41,27,--,14,96,0.585,28,37,4,209,201,2.55,2.45,17.8,82,16.4,85.3,31,29.9,53.6
Boston Bruins,2015,2016,82,42,31,--,9,93,0.567,33,38,4,236,228,2.88,2.78,20.5,82.2,18.8,85.6,32,30.4,50.4
Boston Bruins,2013,2014,82,54,19,--,9,117,0.713,47,51,3,258,171,3.15,2.09,21.7,83.7,19.1,87.1,31.9,29.1,51.6
Boston Bruins,2001,2002,82,43,24,6,9,101,0.616,34,43,0,236,201,2.88,2.45,13.8,87.1,12,91.1,31.7,25.1,48
Boston Bruins,2017,2018,82,50,20,--,12,112,0.683,41,47,3,267,211,3.26,2.57,23.6,83.7,19.7,87.4,33,29.3,50.8
Boston Bruins,1998,1999,82,39,30,13,--,91,0.555,37,39,0,214,181,2.61,2.21,17.7,89.2,15.2,90.2,27.6,27.1,51.8
Boston Bruins,2019,2020,70,44,14,--,12,100,0.714,38,44,0,227,167,3.24,2.39,25.2,84.3,22.1,86.6,32.1,30,51
Boston Bruins,2002,2003,82,36,31,11,4,87,0.53,30,36,0,245,237,2.99,2.89,18.2,82.7,14.8,85.3,32.1,28.3,49.6
Boston Bruins,2012,2013,48,28,14,--,6,62,0.646,23,24,4,127,106,2.65,2.21,14.8,87.1,13.1,90.2,32.4,28.6,56.4
Buffalo Sabres,1998,1999,82,37,28,17,--,91,0.555,34,37,0,207,175,2.52,2.13,13.5,86.2,11.6,87.7,26.2,30,48
Buffalo Sabres,2022,2023,82,42,33,--,7,91,0.555,30,39,3,293,297,3.57,3.62,23.4,73,20.8,77,32.5,33,45.1
Buffalo Sabres,2021,2022,82,32,39,--,11,75,0.457,25,29,3,229,287,2.79,3.5,21.2,76.4,18.5,79.3,29.9,33,46
Buffalo Sabres,2016,2017,82,33,37,--,12,78,0.476,25,31,2,199,231,2.43,2.82,24.5,77.6,22.8,78.9,30.4,34.3,49.6
Buffalo Sabres,2002,2003,82,27,37,10,8,72,0.439,24,27,0,190,219,2.32,2.67,14.4,85.4,11.3,87.6,28.6,28,50.1
Buffalo Sabres,2014,2015,82,23,51,--,8,54,0.329,14,15,8,153,269,1.87,3.28,13.4,75.1,9.8,77.8,24.2,35.6,44.9
Buffalo Sabres,2003,2004,82,37,34,7,4,85,0.518,35,37,0,220,221,2.68,2.7,15.8,84.8,13.4,86.8,28.1,28.5,50.3
Buffalo Sabres,2000,2001,82,46,30,5,1,98,0.598,42,46,0,218,184,2.66,2.24,16.1,88,14.8,89.8,26.9,26.8,50
Buffalo Sabres,2009,2010,82,45,27,--,10,100,0.61,35,41,4,231,201,2.82,2.45,17.6,86.6,16.6,88,31.6,31.4,48.6
Buffalo Sabres,2007,2008,82,39,31,--,12,90,0.549,30,35,4,251,233,3.06,2.84,18,83.2,15.9,85.9,30.2,28.4,48.6
Buffalo Sabres,2017,2018,82,25,45,--,12,62,0.378,19,24,1,198,278,2.41,3.39,19.1,77.9,15.2,81.7,31.2,32.7,51.5
Buffalo Sabres,2018,2019,82,33,39,--,10,76,0.463,21,28,5,221,268,2.7,3.27,19.5,80.9,15.7,82.3,32.9,33,47.9
Buffalo Sabres,2011,2012,82,39,32,--,11,89,0.543,27,32,7,211,223,2.57,2.72,17.1,81.7,14.3,83.7,29.2,31.4,49.5
Buffalo Sabres,2020,2021,56,15,34,--,7,37,0.33,11,11,4,134,196,2.39,3.5,21,77.7,17.5,81.3,28.4,33.7,49.6
Buffalo Sabres,2013,2014,82,21,51,--,10,52,0.317,11,14,7,150,243,1.83,2.96,14.1,81.4,12.1,83.2,26.3,34.3,46.8
Buffalo Sabres,2008,2009,82,41,32,--,9,91,0.555,31,33,8,242,229,2.95,2.79,21,81.9,19.6,83.9,30.5,31.4,47.4
Buffalo Sabres,2019,2020,69,30,31,--,8,68,0.493,22,28,2,193,215,2.8,3.12,18.9,74.6,13.3,77.3,29.3,31.1,45.9
Buffalo Sabres,2012,2013,48,21,21,--,6,48,0.5,13,14,7,118,139,2.46,2.9,14.1,79.2,9.8,83.2,27.9,33.5,46.2
Buffalo Sabres,2001,2002,82,35,35,11,1,82,0.5,31,35,0,213,200,2.6,2.44,13.3,86.5,11.7,88.8,28,25.9,47.4
Buffalo Sabres,2015,2016,82,35,36,--,11,81,0.494,29,33,2,199,215,2.43,2.62,18.9,82.6,16.5,85.3,29.5,30.6,49.4
Buffalo Sabres,2005,2006,82,52,24,--,6,110,0.671,41,47,5,276,234,3.37,2.85,21.2,86.6,17.6,88.8,30.6,30.5,49.7
Buffalo Sabres,2006,2007,82,53,22,--,7,113,0.689,38,43,10,298,238,3.63,2.9,17.4,81.4,14.3,83.4,29.5,31,51.4
Buffalo Sabres,2010,2011,82,43,29,--,10,96,0.585,28,38,5,240,228,2.93,2.78,19.4,83,14.7,83.7,32.8,30.7,47.7
Buffalo Sabres,1999,2000,82,35,32,11,4,85,0.518,30,35,0,213,204,2.6,2.49,10.5,85,7.7,87.3,27.2,26.9,47.9
Calgary Flames,2019,2020,70,36,27,--,7,79,0.564,25,30,6,204,214,2.91,3.06,21.2,82.1,16.6,85.2,31.6,32.4,49.1
Calgary Flames,2016,2017,82,45,33,--,4,94,0.573,32,41,4,222,219,2.71,2.67,20.2,81.6,18.3,84.5,29.1,28.7,48.9
Calgary Flames,2020,2021,56,26,27,--,3,55,0.491,22,25,1,155,160,2.77,2.86,18.3,80.2,14.3,81.4,30.2,28.2,50
Calgary Flames,2012,2013,48,19,25,--,4,42,0.438,17,19,0,128,157,2.67,3.27,20,81.5,18.7,85.4,26.9,29.4,46.6
Calgary Flames,2010,2011,82,41,29,--,12,94,0.573,30,32,9,241,230,2.94,2.8,19.5,81.2,16.7,83.7,30.5,28.5,48.2
Calgary Flames,2014,2015,82,45,30,--,7,97,0.591,32,41,4,237,213,2.89,2.6,18.8,80.7,17.7,83.9,27.5,29.2,47.5
Calgary Flames,2018,2019,82,50,25,--,7,107,0.652,45,50,0,289,223,3.52,2.72,19.3,79.7,16.7,87,32.4,28.1,52.4
Calgary Flames,2009,2010,82,40,32,--,10,90,0.549,35,37,3,201,203,2.45,2.48,16,82.3,15.3,84.9,28.7,28.9,48
Calgary Flames,2021,2022,82,50,21,--,11,111,0.677,44,48,2,291,206,3.55,2.51,22.9,83.2,21.6,86,35.5,29,51.1
Calgary Flames,2022,2023,82,38,27,--,17,93,0.567,31,36,2,258,247,3.15,3.01,19.8,82.6,17.5,85.6,36,27.3,50.4
Calgary Flames,2012,2013,48,19,25,--,4,42,0.438,17,19,0,128,157,2.67,3.27,20,81.5,18.7,85.4,26.9,29.4,46.6
Calgary Flames,2005,2006,82,46,25,--,11,103,0.628,42,44,2,216,193,2.63,2.35,18.2,84.3,16.7,85.8,28,27.6,50.4
Calgary Flames,2019,2020,70,36,27,--,7,79,0.564,25,30,6,204,214,2.91,3.06,21.2,82.1,16.6,85.2,31.6,32.4,49.1
Calgary Flames,2011,2012,82,37,29,--,16,90,0.549,32,34,3,199,217,2.43,2.65,17.7,84.3,15.4,85.5,27.5,30.8,46.2
Calgary Flames,2009,2010,82,40,32,--,10,90,0.549,35,37,3,201,203,2.45,2.48,16,82.3,15.3,84.9,28.7,28.9,48
Calgary Flames,2018,2019,82,50,25,--,7,107,0.652,45,50,0,289,223,3.52,2.72,19.3,79.7,16.7,87,32.4,28.1,52.4
Calgary Flames,2001,2002,82,32,35,12,3,79,0.482,30,32,0,201,220,2.45,2.68,15.1,81.5,13.7,84.3,26.9,27.3,52.5
Calgary Flames,2000,2001,82,27,36,15,4,73,0.445,24,27,0,197,236,2.4,2.88,14.9,79.9,12.4,80.7,27.2,27.1,51.6
Calgary Flames,2013,2014,82,35,40,--,7,77,0.47,21,28,7,202,238,2.46,2.9,15.7,81.7,12.9,86.8,26.8,28.6,46.2
Calgary Flames,1999,2000,82,31,36,10,5,77,0.47,20,31,0,211,256,2.57,3.12,17.9,79.7,15.5,80.8,30.1,29,49.2
Calgary Flames,2010,2011,82,41,29,--,12,94,0.573,30,32,9,241,230,2.94,2.8,19.5,81.2,16.7,83.7,30.5,28.5,48.2
Calgary Flames,2017,2018,82,37,35,--,10,84,0.512,28,35,2,216,243,2.63,2.96,16,81.8,13.4,84.4,33.6,31.1,49.4
Calgary Flames,2002,2003,82,29,36,13,4,75,0.457,23,29,0,186,228,2.27,2.78,12.1,83.3,9.5,84.6,28.5,27.1,53.9
Calgary Flames,2015,2016,82,35,40,--,7,77,0.47,24,33,2,229,257,2.79,3.13,17,75.5,14.4,79.8,29.2,29,48.6
Carolina Hurricanes,2011,2012,82,33,33,--,16,82,0.5,29,32,1,212,237,2.59,2.89,16.7,80.6,15.3,85.3,30.5,32.4,50.7
Carolina Hurricanes,2007,2008,82,43,33,--,6,92,0.561,36,41,2,250,246,3.05,3,18.8,78.9,15.7,80,32.5,28.9,49.4
Carolina Hurricanes,2019,2020,68,38,25,--,5,81,0.596,27,33,5,217,193,3.19,2.84,22.3,84,20.4,88.1,33.3,29.3,50.5
Carolina Hurricanes,2000,2001,82,38,32,9,3,88,0.537,32,38,0,212,225,2.59,2.74,18.9,87.2,14.7,88.9,27,26.9,54.9
Carolina Hurricanes,2003,2004,82,28,34,14,6,76,0.463,23,28,0,172,209,2.1,2.55,10.7,81.6,8.3,84.1,29.2,26.2,54.9
Carolina Hurricanes,2018,2019,82,46,29,--,7,99,0.604,39,44,2,243,221,2.96,2.7,17.8,81.6,14.6,84.9,34.4,28.6,49
Carolina Hurricanes,2017,2018,82,36,35,--,11,83,0.506,30,33,3,225,253,2.74,3.09,18.4,77.5,15.9,79.1,33.9,28.9,54.1
Carolina Hurricanes,2016,2017,82,36,31,--,15,87,0.53,28,33,3,212,230,2.59,2.8,17.8,84.2,15.2,89.1,30.4,28.3,53.1
Carolina Hurricanes,1999,2000,82,37,35,10,0,84,0.512,33,37,0,217,216,2.65,2.63,17,84.2,14.9,85.4,26.4,26.1,50.4
Carolina Hurricanes,2005,2006,82,52,22,--,8,112,0.683,40,44,8,286,258,3.49,3.15,17.9,81.8,15.4,85.6,31.1,30.5,51.7
Carolina Hurricanes,2009,2010,82,35,37,--,10,80,0.488,26,31,4,226,251,2.76,3.06,16.9,80.6,14.5,82.8,29.3,31.4,48.1
Carolina Hurricanes,2008,2009,82,45,30,--,7,97,0.591,35,42,3,236,221,2.88,2.7,18.7,80.4,16.3,83.1,32.6,29.5,51.3
Carolina Hurricanes,2014,2015,82,30,41,--,11,71,0.433,24,25,5,183,219,2.23,2.67,18.8,84.7,17.1,85.8,30.8,27.3,53
Carolina Hurricanes,2012,2013,48,19,25,--,4,42,0.438,17,18,1,127,159,2.65,3.31,14.6,78.3,12.1,80.1,32.2,32.2,50.2
Carolina Hurricanes,2002,2003,82,22,43,11,6,61,0.372,20,22,0,171,240,2.09,2.93,13.8,81.9,11.7,83.4,29.4,28.4,52.9
Carolina Hurricanes,2022,2023,82,52,21,--,9,113,0.689,39,48,4,262,210,3.2,2.56,19.8,84.4,17.4,88.7,34.8,26,52.9
Carolina Hurricanes,2021,2022,82,54,20,--,8,116,0.707,47,53,1,277,200,3.38,2.44,22,88,20.7,89.5,34.1,28.2,53.9
Carolina Hurricanes,2010,2011,82,40,31,--,11,91,0.555,29,35,5,231,234,2.82,2.85,15.9,81.3,14.2,83.8,30.7,33.2,44.6
Carolina Hurricanes,1998,1999,82,34,30,18,--,86,0.524,33,34,0,210,202,2.56,2.46,11,85.3,9.4,86.7,26.1,29.3,49.6
Carolina Hurricanes,2013,2014,82,36,35,--,11,83,0.506,30,34,2,205,226,2.5,2.76,14.6,81.7,11.7,86.3,31.2,30.9,52.6
Carolina Hurricanes,2006,2007,82,40,34,--,8,88,0.537,34,40,0,241,248,2.94,3.02,15,84.6,13.2,87.6,31.2,28.5,52.3
Carolina Hurricanes,2015,2016,82,35,31,--,16,86,0.524,25,33,2,196,221,2.39,2.7,16.8,84.3,14.7,85.8,29.9,27.6,53.7
Carolina Hurricanes,2020,2021,56,36,12,--,8,80,0.714,27,32,4,175,134,3.13,2.39,25.6,85.2,22,89.2,32,28.2,53.9
Carolina Hurricanes,2001,2002,82,35,26,16,5,91,0.555,29,35,0,217,217,2.65,2.65,16.1,83.7,13.3,84.9,28.6,27,56.1
Chicago Blackhawks,2001,2002,82,41,27,13,1,96,0.585,38,41,0,216,207,2.63,2.52,17.9,81.5,17.2,82.7,27.7,25.3,48
Chicago Blackhawks,2000,2001,82,29,40,8,5,71,0.433,27,29,0,210,246,2.56,3,12.9,83.9,9.1,88.5,26.3,26.7,49.9
Chicago Blackhawks,2018,2019,82,36,34,--,12,84,0.512,24,33,3,267,291,3.26,3.55,20.2,72.7,17.2,75.3,32.5,34.8,49.5
Chicago Blackhawks,2017,2018,82,33,39,--,10,76,0.463,26,32,1,228,254,2.78,3.1,16,79.2,13.4,81.3,34.1,32.9,49.3
Chicago Blackhawks,2016,2017,82,50,23,--,9,109,0.665,37,46,4,240,212,2.93,2.59,18,77.7,15,78.2,30.6,31.4,47.5
Chicago Blackhawks,2002,2003,82,30,33,13,6,79,0.482,26,30,0,207,226,2.52,2.76,12.7,84.8,10.1,87,27.8,28.6,50.1
Chicago Blackhawks,2020,2021,56,24,25,--,7,55,0.491,15,22,2,159,184,2.84,3.29,21.7,76.8,17.7,78.8,29.2,33.7,46.3
Chicago Blackhawks,2015,2016,82,47,26,--,9,103,0.628,36,46,1,234,207,2.85,2.52,22.6,80.3,21.4,84.6,30.5,30.8,49.3
Chicago Blackhawks,1998,1999,82,29,41,12,--,70,0.427,28,29,0,202,248,2.46,3.02,14.9,80.3,11.9,82.2,26.2,29.3,51.5
Chicago Blackhawks,2008,2009,82,46,24,--,12,104,0.634,36,42,4,260,209,3.17,2.55,19.3,80.6,17.6,83.6,32.7,28.6,48.1
Chicago Blackhawks,2009,2010,82,52,22,--,8,112,0.683,37,43,9,262,203,3.2,2.48,17.7,85.3,16.3,90.2,34.1,25.1,52.4
Chicago Blackhawks,2005,2006,82,26,43,--,13,65,0.396,17,24,2,209,279,2.55,3.4,12.2,83.9,9.4,85,30.2,29.5,48.9
Chicago Blackhawks,2003,2004,82,20,43,11,8,59,0.36,16,20,0,188,259,2.29,3.16,15.8,83.5,11.8,84.8,29.3,30.7,49.4
Chicago Blackhawks,2014,2015,82,48,28,--,6,102,0.622,36,39,9,220,186,2.68,2.27,17.6,83.4,14.9,84.8,33.9,30.2,52.1
Chicago Blackhawks,2011,2012,82,45,26,--,11,101,0.616,34,38,7,241,231,2.94,2.82,15.2,78.1,14.1,81.1,31.5,28.6,50.6
Chicago Blackhawks,2006,2007,82,31,42,--,9,71,0.433,22,25,6,195,251,2.38,3.06,11.8,82.6,10.2,85.3,26.8,29.4,47.8
Chicago Blackhawks,2010,2011,82,44,29,--,9,97,0.591,34,38,6,252,220,3.07,2.68,23.1,79.2,21.7,81.6,32.2,28.7,50.8
Chicago Blackhawks,2013,2014,82,46,21,--,15,107,0.652,39,40,6,261,212,3.18,2.59,19.5,81.5,17.1,85.1,33.1,27.2,52
Chicago Blackhawks,2019,2020,70,32,30,--,8,72,0.514,23,28,4,208,214,2.97,3.06,15.2,82.1,11.5,85,31.8,35.1,49.9
Chicago Blackhawks,2021,2022,82,28,42,--,12,68,0.415,16,22,6,213,289,2.6,3.52,19.2,76.2,16.7,77.1,28.8,33,49.6
Chicago Blackhawks,1999,2000,82,33,37,10,2,78,0.476,28,33,0,242,245,2.95,2.99,16,83.7,12,86.5,25.7,29.2,47.5
Chicago Blackhawks,2022,2023,82,26,49,--,7,59,0.36,18,24,2,202,299,2.46,3.65,16.4,76.2,12.1,79.2,27,33.6,52.7
Chicago Blackhawks,2007,2008,82,40,34,--,8,88,0.537,31,35,5,234,231,2.85,2.82,15.9,82.1,14.3,86.5,28,28.6,52.3
Chicago Blackhawks,2012,2013,48,36,7,--,5,77,0.802,25,30,6,149,97,3.1,2.02,16.7,87.2,13.3,90.8,31.1,26.2,50.8
Colorado Avalanche,1998,1999,82,44,28,10,--,98,0.598,42,44,0,239,205,2.91,2.5,18.9,83.7,15.7,85.5,28,27.8,50.6
Colorado Avalanche,2018,2019,82,38,30,--,14,90,0.549,33,36,2,258,244,3.15,2.98,22,78.7,20.3,82,32.6,31.9,48.1
Colorado Avalanche,2010,2011,82,30,44,--,8,68,0.415,18,24,6,221,287,2.7,3.5,18.5,76.1,14.3,78.7,29.2,31.8,50.6
Colorado Avalanche,2020,2021,56,39,13,--,4,82,0.732,35,39,0,197,132,3.52,2.36,22.7,83.1,21.3,83.6,34.6,25.4,51.6
Colorado Avalanche,2017,2018,82,43,30,--,9,95,0.579,35,41,2,255,236,3.11,2.88,22,83.3,17.6,85.9,29.7,33.3,44.2
Colorado Avalanche,2005,2006,82,43,30,--,9,95,0.579,37,40,3,280,251,3.41,3.06,18.8,84.6,16.3,87,30,29.5,48.1
Colorado Avalanche,2003,2004,82,40,22,13,7,100,0.61,32,40,0,236,198,2.88,2.41,20.4,83.8,16.5,85.7,29.4,28.4,50
Colorado Avalanche,2001,2002,82,45,28,8,1,99,0.604,41,45,0,212,169,2.59,2.06,18,87,16,89.2,27.5,26.5,51.4
Colorado Avalanche,2022,2023,82,51,24,--,7,109,0.665,36,45,6,274,223,3.34,2.72,24.5,79,22.6,81.5,33.3,31,46.7
Colorado Avalanche,2012,2013,48,16,25,--,7,39,0.406,11,14,2,114,150,2.38,3.13,15,80.3,12.9,82,29.5,31.4,51.1
Colorado Avalanche,2021,2022,82,56,19,--,7,119,0.726,46,52,4,308,232,3.76,2.83,24,79.7,22.2,82.2,35,32,47.3
Colorado Avalanche,2008,2009,82,32,45,--,5,69,0.421,20,23,9,190,253,2.32,3.09,15.7,79.9,13.2,81.1,28.8,29,47.8
Colorado Avalanche,2019,2020,70,42,20,--,8,92,0.657,37,41,1,236,190,3.37,2.71,19.1,81.4,16.6,85.2,32.2,31.3,49.6
Colorado Avalanche,2007,2008,82,44,31,--,7,95,0.579,33,37,7,224,216,2.73,2.63,14.6,81.4,13.1,82.1,28.6,27.3,47.8
Colorado Avalanche,2015,2016,82,39,39,--,4,82,0.5,33,35,4,212,240,2.59,2.93,18.1,80.2,14.7,83,28.6,32.3,49.9
Colorado Avalanche,2000,2001,82,52,16,10,4,118,0.72,46,52,0,270,192,3.29,2.34,22,82.8,19,86,29.2,25.1,51.3
Colorado Avalanche,2009,2010,82,43,30,--,9,95,0.579,34,36,7,237,228,2.89,2.78,18.1,80.2,15.2,82.8,27.9,32.1,47.7
Colorado Avalanche,2006,2007,82,44,31,--,7,95,0.579,36,39,5,267,247,3.26,3.01,21.1,80.2,18.7,82.2,31.7,29,48.6
Colorado Avalanche,2014,2015,82,39,31,--,12,90,0.549,27,29,10,209,223,2.55,2.72,15,84.7,14.2,86.3,27.9,33.2,50.8
Colorado Avalanche,1999,2000,82,42,28,11,1,96,0.585,37,42,0,233,201,2.84,2.45,19.5,84.5,17.2,85.4,26.7,27.8,51.5
Colorado Avalanche,2013,2014,82,52,22,--,8,112,0.683,37,47,5,245,216,2.99,2.63,19.8,80.7,19.4,81.9,29.5,32.7,49.5
Colorado Avalanche,2002,2003,82,42,19,13,8,105,0.64,35,42,0,251,194,3.06,2.37,18.7,82.5,17.1,83.8,29.1,28.3,47.9
Colorado Avalanche,2016,2017,82,22,56,--,4,48,0.293,14,21,1,165,276,2.01,3.37,12.6,76.6,11.7,78.5,28.1,31.7,53.6
Colorado Avalanche,2011,2012,82,41,35,--,6,88,0.537,25,32,9,199,218,2.43,2.66,18.4,83,16.6,84.8,31.5,29.6,51.6
Columbus Blue Jackets,2021,2022,82,37,38,--,7,81,0.494,26,33,4,258,297,3.15,3.62,18.6,78.6,15.9,81.5,30,35.2,48.5
Columbus Blue Jackets,2019,2020,70,33,22,--,15,81,0.579,25,33,0,180,183,2.57,2.61,16.4,81.7,13.8,83.4,32.5,29.9,48.5
Columbus Blue Jackets,2013,2014,82,43,32,--,7,93,0.567,35,38,5,226,214,2.76,2.61,19.3,82.1,16.4,85.4,29.6,30.8,51.6
Columbus Blue Jackets,2020,2021,56,18,26,--,12,48,0.429,12,15,3,134,184,2.39,3.29,15.4,79,13.7,83.5,29,32.4,45.3
Columbus Blue Jackets,2000,2001,82,28,39,9,6,71,0.433,25,28,0,190,233,2.32,2.84,14.7,80.7,12.6,81.5,25.4,30.2,50.5
Columbus Blue Jackets,2006,2007,82,33,42,--,7,73,0.445,24,28,5,196,244,2.39,2.98,14.8,81.2,12.6,82.6,27.7,28.6,50.2
Columbus Blue Jackets,2005,2006,82,35,43,--,4,74,0.451,21,27,8,215,276,2.62,3.37,14.2,81.8,12.4,83.8,27.4,33.7,49.4
Columbus Blue Jackets,2015,2016,82,34,40,--,8,76,0.463,26,28,6,213,248,2.6,3.02,17.3,81,14.1,82.1,29.1,31.1,49
Columbus Blue Jackets,2003,2004,82,25,45,8,4,62,0.378,19,25,0,177,238,2.16,2.9,14.5,85.2,11,86.7,27.8,32,47.8
Columbus Blue Jackets,2016,2017,82,50,24,--,8,108,0.659,39,48,2,247,193,3.01,2.35,19.9,82.5,19,87,31,30.4,48.6
Columbus Blue Jackets,2001,2002,82,22,47,8,5,57,0.348,20,22,0,164,255,2,3.11,14,83,11.8,84,25,30.1,50.1
Columbus Blue Jackets,2018,2019,82,47,31,--,4,98,0.598,37,45,2,256,231,3.12,2.82,15.4,85,12.7,89,31.6,29.5,50.3
Columbus Blue Jackets,2006,2007,82,33,42,--,7,73,0.445,24,28,5,196,244,2.39,2.98,14.8,81.2,12.6,82.6,27.7,28.6,50.2
Columbus Blue Jackets,2002,2003,82,29,42,8,3,69,0.421,25,29,0,213,263,2.6,3.21,17.3,85.3,15.1,88.3,26.1,32.2,48.6
Columbus Blue Jackets,2012,2013,48,24,17,--,7,55,0.573,14,19,5,115,115,2.4,2.4,14.2,82.6,12.9,84.7,26.7,29.9,52
Columbus Blue Jackets,2008,2009,82,41,31,--,10,92,0.561,30,35,6,220,223,2.68,2.72,12.7,82.1,9,84.4,28.9,27.8,51.2
Columbus Blue Jackets,2016,2017,82,50,24,--,8,108,0.659,39,48,2,247,193,3.01,2.35,19.9,82.5,19,87,31,30.4,48.6
Columbus Blue Jackets,2001,2002,82,22,47,8,5,57,0.348,20,22,0,164,255,2,3.11,14,83,11.8,84,25,30.1,50.1
Columbus Blue Jackets,2009,2010,82,32,35,--,15,79,0.482,27,30,2,214,249,2.61,3.04,18.2,81.7,15.3,83.5,28.5,30.7,51
Columbus Blue Jackets,2015,2016,82,34,40,--,8,76,0.463,26,28,6,213,248,2.6,3.02,17.3,81,14.1,82.1,29.1,31.1,49
Columbus Blue Jackets,2007,2008,82,34,36,--,12,80,0.488,29,31,3,190,210,2.32,2.56,14.9,83.3,13.5,85.5,29,27.4,52.3
Columbus Blue Jackets,2017,2018,82,45,30,--,7,97,0.591,30,39,6,236,226,2.88,2.76,17.2,76.2,14.1,78,33.7,31.3,48.4
Dallas Stars,2019,2020,69,37,24,--,8,82,0.594,26,35,2,178,174,2.58,2.52,21.1,79.7,19.1,82,30.6,31.6,51.8
Dallas Stars,2008,2009,82,36,35,--,11,83,0.506,25,30,6,224,251,2.73,3.06,15.4,78.6,14.3,79.2,28.9,28.1,47.8
Dallas Stars,2017,2018,82,42,32,--,8,92,0.561,33,38,4,231,222,2.82,2.71,19.3,80.8,15.2,83.3,31.2,29.8,52.5
Dallas Stars,2005,2006,82,53,23,--,6,112,0.683,38,41,12,253,217,3.09,2.65,17.7,83.7,16.3,85.7,28.5,25.6,50.3
Dallas Stars,2010,2011,82,42,29,--,11,95,0.579,32,37,5,222,226,2.71,2.76,18,80.1,13.1,83.8,27.7,30.5,50
Dallas Stars,2014,2015,82,41,31,--,10,92,0.561,33,37,4,257,257,3.13,3.13,19,80.7,16.6,84.3,31.2,29.9,51.8
Dallas Stars,2021,2022,82,46,30,--,6,98,0.598,31,41,5,233,244,2.84,2.98,22.4,79,20.3,82.2,30.3,31,54.8
Dallas Stars,2020,2021,56,23,19,--,14,60,0.536,17,21,2,156,148,2.79,2.64,23.6,79.1,21,81.1,30.3,27.1,51.8
Dallas Stars,2000,2001,82,48,24,8,2,106,0.646,42,48,0,241,187,2.94,2.28,19.6,86.2,17.7,88.2,25.6,24.9,51.2
Dallas Stars,2018,2019,82,43,32,--,7,93,0.567,36,42,1,209,200,2.55,2.44,21,82.8,20.1,84.5,30.7,31.6,51.9
Dallas Stars,2003,2004,82,41,26,13,2,97,0.591,38,41,0,194,175,2.37,2.13,15.9,85.9,12.5,87.5,26.8,23.2,51.4
Dallas Stars,2013,2014,82,40,31,--,11,91,0.555,34,36,4,231,223,2.82,2.72,15.9,81.4,14.1,84.4,31.7,30.4,50.1
Dallas Stars,2002,2003,82,46,17,15,4,111,0.677,41,46,0,245,169,2.99,2.06,19,85.6,17.1,88.2,30.1,25.3,50.2
Dallas Stars,1999,2000,82,43,23,10,6,102,0.622,40,43,0,211,184,2.57,2.24,15.7,89.3,13.1,92.2,25.6,26.6,52.6
Dallas Stars,2009,2010,82,37,31,--,14,88,0.537,28,30,7,230,244,2.8,2.98,18.6,77.4,16.2,80.6,30.8,31.2,48.1
Dallas Stars,2011,2012,82,42,35,--,5,89,0.543,31,35,7,204,218,2.49,2.66,13.5,82.8,12.3,84.5,28.2,30.8,49.1
Dallas Stars,2007,2008,82,45,30,--,7,97,0.591,37,40,5,237,204,2.89,2.49,18.1,85.6,15.8,89.3,26.7,26.1,50.4
Dallas Stars,1998,1999,82,51,19,12,--,114,0.695,48,51,0,236,168,2.88,2.05,18.8,86.5,17.8,88.4,27.6,24,53.2
Dallas Stars,2016,2017,82,34,37,--,11,79,0.482,28,33,1,222,260,2.71,3.17,17.9,73.9,13.6,75.9,30.5,29.7,49.9
Dallas Stars,2012,2013,48,22,22,--,4,48,0.5,18,20,2,128,141,2.67,2.94,17,81,15.2,82.1,26.3,31,47.2
Dallas Stars,2022,2023,82,47,21,--,14,108,0.659,39,43,4,281,215,3.43,2.62,25,83.5,23.1,87.6,31.9,29.9,54.8
Dallas Stars,2006,2007,82,50,25,--,7,107,0.652,35,41,9,217,193,2.65,2.35,18.5,84.4,17.1,85.2,28,25.4,50.1
Dallas Stars,2015,2016,82,50,23,--,9,109,0.665,42,48,2,265,228,3.23,2.78,22.1,82.3,16.4,86.3,32,28.9,50.2
Dallas Stars,2001,2002,82,36,28,13,5,90,0.549,33,36,0,215,213,2.62,2.6,17.1,81.5,14.9,83.7,28.5,26,52.8
Detroit Red Wings,2010,2011,82,47,25,--,10,104,0.634,34,43,4,257,237,3.13,2.89,22.3,82.3,19.9,84,33.6,30.7,51.9
Detroit Red Wings,2003,2004,82,48,21,11,2,109,0.665,41,48,0,255,189,3.11,2.3,20.1,86.8,18.5,91.5,30.3,26.2,52.5
Detroit Red Wings,2009,2010,82,44,24,--,14,102,0.622,33,38,6,223,207,2.72,2.52,19.2,83.9,18.9,86.9,33.4,29.4,51.1
Detroit Red Wings,2002,2003,82,48,20,10,4,110,0.671,41,48,0,269,203,3.28,2.48,23.8,85.4,22.6,88.3,29.8,28.8,52.2
Detroit Red Wings,2016,2017,82,33,36,--,13,79,0.482,17,24,9,198,244,2.41,2.98,15.1,80.9,11.5,82.1,28.5,30.6,51.9
Detroit Red Wings,2014,2015,82,43,25,--,14,100,0.61,32,39,4,231,211,2.82,2.57,23.8,80.9,21.1,81.9,29.6,28.3,51.5
Detroit Red Wings,1999,2000,82,48,22,10,2,108,0.659,44,48,0,278,210,3.39,2.56,20.4,85.9,18.6,90.7,32,26.5,53.4
Detroit Red Wings,2018,2019,82,32,40,--,10,74,0.451,20,29,3,224,272,2.73,3.32,18.1,77.1,14.8,80,29.2,33.7,50.8
Detroit Red Wings,2015,2016,82,41,30,--,11,93,0.567,30,39,2,209,219,2.55,2.67,18.8,81.6,17.3,82.3,29.7,29.7,50.5
Detroit Red Wings,2013,2014,82,39,28,--,15,93,0.567,30,34,5,217,221,2.65,2.7,17.7,83.1,16,84.1,30,29.3,50.8
Detroit Red Wings,2001,2002,82,51,17,10,4,116,0.707,41,51,0,251,187,3.06,2.28,20.3,86,18.4,88.6,31,26.3,51.4
Detroit Red Wings,2006,2007,82,50,19,--,13,113,0.689,45,48,2,252,191,3.07,2.33,17.1,84.6,14.3,87.5,33.8,24.6,53.6
Detroit Red Wings,2022,2023,82,35,37,--,10,80,0.488,28,32,3,237,275,2.89,3.35,21.1,78.3,16.7,80.3,28.2,30.4,49.1
Detroit Red Wings,2017,2018,82,30,39,--,13,73,0.445,22,25,5,212,254,2.59,3.1,17.5,77.5,15.4,81,30.4,31.9,48.9
Detroit Red Wings,2021,2022,82,32,40,--,10,74,0.451,21,29,3,227,310,2.77,3.78,16.3,73.8,11.9,75.6,29.4,33.7,49.4
Detroit Red Wings,2019,2020,71,17,49,--,5,39,0.275,13,14,3,142,265,2,3.73,14.9,74.3,8.8,76.1,27.1,32.8,49.5
Detroit Red Wings,2020,2021,56,19,27,--,10,48,0.429,16,17,2,125,168,2.23,3,11.4,78.7,8.7,78.7,27.3,31.9,50.1
Detroit Red Wings,2008,2009,82,51,21,--,10,112,0.683,42,45,6,289,240,3.52,2.93,25.5,78.3,24.4,80.1,36.2,27.7,55.1
Detroit Red Wings,1998,1999,82,43,32,7,--,93,0.567,41,43,0,245,202,2.99,2.46,16.1,87.3,14.5,91.3,32,27,53.2
Detroit Red Wings,2011,2012,82,48,28,--,6,102,0.622,36,39,9,239,200,2.91,2.44,16.1,81.8,12.4,82.5,32.2,27,51.6
Detroit Red Wings,2005,2006,82,58,16,--,8,124,0.756,51,54,4,301,206,3.67,2.51,22.1,85.5,20,87,34.1,26.6,52.9
Detroit Red Wings,2007,2008,82,54,21,--,7,115,0.701,47,49,5,252,179,3.07,2.18,20.7,84,18.9,85.4,34.4,23.5,53.3
Detroit Red Wings,2012,2013,48,24,16,--,8,56,0.583,20,22,2,122,110,2.54,2.29,18.4,81.7,15.7,83.5,30.1,27.5,50.8
Detroit Red Wings,2000,2001,82,49,20,9,4,111,0.677,39,49,0,253,202,3.09,2.46,22.1,85.7,20.3,88.3,32.3,27.1,54.4
Edmonton Oilers,2013,2014,82,29,44,--,9,67,0.409,20,25,4,199,267,2.43,3.26,17,82.1,12.2,83.6,26.9,32.9,49
Edmonton Oilers,2021,2022,82,49,27,--,6,104,0.634,38,44,5,285,251,3.48,3.06,26,79.4,23.4,83.7,34,32.3,51.3
Edmonton Oilers,2000,2001,82,39,28,12,3,93,0.567,34,39,0,243,222,2.96,2.71,14.8,83.8,13.8,87.2,26.2,26.1,51.1
Edmonton Oilers,2005,2006,82,41,28,--,13,95,0.579,28,34,7,249,242,3.04,2.95,18.1,84.1,17.1,87.2,29.8,25.5,53.4
Edmonton Oilers,2015,2016,82,31,43,--,8,70,0.427,20,27,4,199,242,2.43,2.95,18.1,81.1,15.6,83.1,29.1,31.1,48.8
Edmonton Oilers,2003,2004,82,36,29,12,5,89,0.543,30,36,0,221,208,2.7,2.54,13,81.1,10.7,84.8,28.4,26.5,50.9
Edmonton Oilers,2018,2019,82,35,38,--,9,79,0.482,24,32,3,229,271,2.79,3.3,21.2,74.8,18,78.9,29.2,31.7,48.4
Edmonton Oilers,2006,2007,82,32,43,--,7,71,0.433,28,29,3,192,245,2.34,2.99,14.2,84.6,13.1,86.1,26.7,29.7,51.5
Edmonton Oilers,2007,2008,82,41,35,--,6,88,0.537,22,26,15,220,247,2.68,3.01,16.6,84.7,13.7,86.6,26.3,31.4,50.5
Edmonton Oilers,1998,1999,82,33,37,12,--,78,0.476,30,33,0,230,226,2.8,2.76,14.4,82.1,12.1,84.2,29.2,27.1,48.5
Edmonton Oilers,2014,2015,82,24,44,--,14,62,0.378,17,19,5,193,276,2.35,3.37,17.7,76.7,14.7,78.5,28.4,30,48.2
Edmonton Oilers,2017,2018,82,36,40,--,6,78,0.476,24,31,5,229,262,2.79,3.2,14.8,76.7,12.4,81.2,33.4,32.1,48.7
Edmonton Oilers,2022,2023,82,50,23,--,9,109,0.665,45,50,0,325,256,3.96,3.12,32.4,77,29.8,83.5,33.6,31.4,50.8
Edmonton Oilers,2009,2010,82,27,47,--,8,62,0.378,18,19,8,206,278,2.51,3.39,17.3,78,15.6,80,28.3,33.1,46.4
Edmonton Oilers,2001,2002,82,38,28,12,4,92,0.561,35,38,0,205,182,2.5,2.22,15.3,85.6,13.2,89.1,27.5,25.9,50.4
Edmonton Oilers,2020,2021,56,35,19,--,2,72,0.643,31,35,0,183,154,3.27,2.75,27.6,82.5,25.3,83.8,29.9,30.7,50.4
Edmonton Oilers,2016,2017,82,47,26,--,9,103,0.628,37,43,4,243,207,2.96,2.52,22.9,80.7,20.8,82.5,31.1,29.5,47
Edmonton Oilers,2010,2011,82,25,45,--,12,62,0.378,21,23,2,191,260,2.33,3.17,14.5,77,13.8,79.4,26.7,31.7,44.2
Edmonton Oilers,2012,2013,48,19,22,--,7,45,0.469,15,17,2,123,131,2.56,2.73,20.1,83.4,19.5,85.7,26.8,32.8,46.1
Edmonton Oilers,2019,2020,71,37,25,--,9,83,0.585,31,35,2,223,215,3.14,3.03,29.5,84.4,24.5,85.9,29.6,32,49
Edmonton Oilers,1999,2000,82,32,26,16,8,88,0.537,28,32,0,226,212,2.76,2.59,15.8,85.4,14.6,87.8,28.2,28.3,51.1
Edmonton Oilers,2008,2009,82,38,35,--,9,85,0.518,31,32,6,228,244,2.78,2.98,17,77.5,14.7,78.4,28.1,32.5,47.9
Edmonton Oilers,2011,2012,82,32,40,--,10,74,0.451,25,27,5,207,232,2.52,2.83,20.6,82.4,17.6,84.1,26.7,30.7,47.7
Edmonton Oilers,2002,2003,82,36,26,11,9,92,0.561,29,36,0,231,230,2.82,2.8,14.5,82.6,12.4,86.3,28,27.4,51.1
Florida Panthers,2021,2022,82,58,18,--,6,122,0.744,42,55,3,337,242,4.11,2.95,24.4,79.5,21.4,84.2,37.3,30.7,48.2
Florida Panthers,2005,2006,82,37,34,--,11,85,0.518,25,33,4,236,252,2.88,3.07,15.3,82.3,12.4,83.3,33.2,34.8,50.7
Florida Panthers,2007,2008,82,38,35,--,9,85,0.518,29,33,5,211,220,2.57,2.68,19.2,82.4,18.2,83.4,31.1,33.6,48.8
Florida Panthers,2022,2023,82,42,32,--,8,92,0.561,36,40,2,288,272,3.51,3.32,22.8,76,19.6,78,36.8,31.7,48.9
Florida Panthers,2001,2002,82,22,44,10,6,60,0.366,22,22,0,180,250,2.2,3.05,14.7,80.7,12.6,82.7,26.9,32.5,46.1
Florida Panthers,2017,2018,82,44,30,--,8,96,0.585,38,41,3,245,243,2.99,2.96,18.9,80.2,16.9,84.6,34.4,34.6,50.7
Florida Panthers,2011,2012,82,38,26,--,18,94,0.573,31,32,6,197,216,2.4,2.63,18.5,79.5,16.4,81.2,29.7,30.5,50.6
Florida Panthers,2000,2001,82,22,38,13,9,66,0.402,20,22,0,200,246,2.44,3,13,83.9,9.4,85.9,26.5,31.2,48.5
Florida Panthers,1999,2000,82,43,27,6,6,98,0.598,40,43,0,244,209,2.98,2.55,17.2,85.5,14.8,86.1,26.8,29.6,46.2
Florida Panthers,2008,2009,82,41,30,--,11,93,0.567,34,38,3,231,223,2.82,2.72,16.6,82.6,13.6,84.9,29.4,34.7,47.9
Florida Panthers,2010,2011,82,30,40,--,12,72,0.439,20,26,4,191,222,2.33,2.71,13.1,84.6,11.2,86.1,30.4,31.8,51.9
Florida Panthers,2006,2007,82,35,31,--,16,86,0.524,30,33,2,245,249,2.99,3.04,18.1,82.4,16.3,83.5,33.3,29.3,47.9
Florida Panthers,2014,2015,82,38,29,--,15,91,0.555,29,30,8,198,213,2.41,2.6,16.3,80,13.8,80.4,30.7,29.6,48.6
Florida Panthers,2016,2017,82,35,36,--,11,81,0.494,23,30,5,205,231,2.5,2.82,17,85.3,14,88.6,32.2,31.6,47.9
Florida Panthers,2015,2016,82,47,26,--,9,103,0.628,39,40,7,232,200,2.83,2.44,16.9,79.5,15.1,81.3,28.8,29.5,50.1
Florida Panthers,2020,2021,56,37,14,--,5,79,0.705,26,36,1,188,151,3.36,2.7,20.5,79.8,18.4,82.1,34.9,30,50.2
Florida Panthers,2003,2004,82,28,35,15,4,75,0.457,23,28,0,188,221,2.29,2.7,16.8,86.4,12.9,88.2,27.7,34.5,46.1
Florida Panthers,2009,2010,82,32,37,--,13,77,0.47,24,26,6,202,234,2.46,2.85,14.2,79.4,11.7,81.9,28.4,34.1,49.9
Florida Panthers,2018,2019,82,36,32,--,14,86,0.524,26,33,3,264,273,3.22,3.33,26.8,81.3,21.9,82.6,33,30.7,49.8
Florida Panthers,2002,2003,82,24,36,13,9,70,0.427,20,24,0,176,237,2.15,2.89,14.1,81.5,11.5,83.4,27.2,33.2,46.2
Florida Panthers,1998,1999,82,30,34,18,--,78,0.476,29,30,0,210,228,2.56,2.78,13.4,81.9,10.5,84.6,28.1,28.7,44.9
Florida Panthers,2013,2014,82,29,45,--,8,66,0.402,21,21,8,188,262,2.29,3.2,10,76,7.8,79,29.9,31.1,48.3
Florida Panthers,2019,2020,69,35,26,--,8,78,0.565,30,32,3,228,224,3.3,3.25,21.3,78.5,19,80.7,32.7,32.3,50.3
Florida Panthers,2012,2013,48,15,27,--,6,36,0.375,11,12,3,109,170,2.27,3.54,20.4,74.2,19.7,76.8,29.2,31.3,49.4
Los Angeles Kings,2014,2015,82,40,27,--,15,95,0.579,37,38,2,218,197,2.66,2.4,19,80.9,18.2,83.9,30.9,27,51.3
Los Angeles Kings,2020,2021,56,21,28,--,7,49,0.438,19,20,1,142,169,2.54,3.02,18.9,83.7,17.2,85.5,28.3,31.2,50.6
Los Angeles Kings,2007,2008,82,32,43,--,7,71,0.433,25,27,5,226,263,2.76,3.21,17.4,78,16.4,81.6,28.6,32,47.8
Los Angeles Kings,2006,2007,82,27,41,--,14,68,0.415,21,23,4,223,277,2.72,3.38,18.3,77.9,17,79.3,31,29.8,47.7
Los Angeles Kings,2009,2010,82,46,27,--,9,101,0.616,32,36,10,231,211,2.82,2.57,20.9,80.3,18.9,81.6,29.1,27.6,50.6
Los Angeles Kings,2013,2014,82,46,28,--,8,100,0.61,34,38,8,198,168,2.41,2.05,15.1,83.1,13,84.8,31.6,26.2,52.8
Los Angeles Kings,1999,2000,82,39,27,12,4,94,0.573,34,39,0,245,228,2.99,2.78,16.9,82.3,13.5,83.4,29.5,27.9,51.8
Los Angeles Kings,2000,2001,82,38,28,13,3,92,0.561,35,38,0,252,228,3.07,2.78,19.4,81.2,17.7,84.8,27.9,26.3,50.7
Los Angeles Kings,2010,2011,82,46,30,--,6,98,0.598,35,36,10,209,196,2.55,2.39,16.1,85.5,14,87,28.8,27.9,51.1
Los Angeles Kings,2021,2022,82,44,27,--,11,99,0.604,35,40,4,235,232,2.87,2.83,16.1,76.7,12.5,81.5,34.9,28.5,52.2
Los Angeles Kings,2005,2006,82,42,35,--,5,89,0.543,32,36,6,243,269,2.96,3.28,14.2,78.7,12,81.8,29.2,30,49.9
Los Angeles Kings,2018,2019,82,31,42,--,9,71,0.433,22,28,3,199,259,2.43,3.16,15.8,76.5,10,78.3,28.8,31.4,50.5
Los Angeles Kings,2003,2004,82,28,29,16,9,81,0.494,26,28,0,205,217,2.5,2.65,14,80.7,12.9,83.3,28.6,27,51.1
Los Angeles Kings,2019,2020,70,29,35,--,6,64,0.457,21,28,1,177,209,2.53,2.99,17.1,77.4,16.6,80,33.2,29.7,50.8
Los Angeles Kings,2022,2023,82,47,25,--,10,104,0.634,37,41,6,274,254,3.34,3.1,25.3,75.8,21.9,78.4,32.4,27.9,53.3
Los Angeles Kings,1998,1999,82,32,45,5,--,69,0.421,27,32,0,189,222,2.3,2.71,13.2,85.8,9.8,89.4,28.3,30,50.2
Los Angeles Kings,2015,2016,82,48,28,--,6,102,0.622,34,46,2,223,192,2.72,2.34,20,81.4,18.7,83.2,32,27.5,50.5
Los Angeles Kings,2017,2018,82,45,29,--,8,98,0.598,34,43,2,237,202,2.89,2.46,20.4,85,18.8,86.9,31,30.9,49.7
Los Angeles Kings,2012,2013,48,27,16,--,5,59,0.615,24,25,2,131,114,2.73,2.38,19.9,83.2,19.3,84.5,29.8,25,52
Los Angeles Kings,2002,2003,82,33,37,6,6,78,0.476,27,33,0,203,221,2.48,2.7,14.7,83.3,13.5,85.5,27.7,26.1,49
Los Angeles Kings,2016,2017,82,39,35,--,8,86,0.524,25,37,2,199,201,2.43,2.45,19.1,84.6,17.8,86.6,31.1,25.9,50.8
Los Angeles Kings,2008,2009,82,34,37,--,11,79,0.482,26,29,5,202,226,2.46,2.76,19.2,82.9,16.9,84,29.1,28.1,52
Los Angeles Kings,2011,2012,82,40,27,--,15,95,0.579,31,34,6,188,170,2.29,2.07,17,87,16.3,90.1,30.6,27.4,51.5
Los Angeles Kings,2001,2002,82,40,27,11,4,95,0.579,37,40,0,214,190,2.61,2.32,20.7,86.6,19,88,25.7,25,51.2
Minnesota Wild,2016,2017,82,49,25,--,8,106,0.646,42,46,3,263,206,3.21,2.51,21,83,19.6,85.3,30.8,30.1,52
Minnesota Wild,2009,2010,82,38,36,--,8,84,0.512,28,33,5,214,239,2.61,2.91,19.1,82.7,14.9,84,27.6,29.5,52.2
Minnesota Wild,2011,2012,82,35,36,--,11,81,0.494,22,24,11,166,217,2.02,2.65,15.1,82.1,13.6,83.9,26.5,31.4,51.2
Minnesota Wild,2012,2013,48,26,19,--,3,55,0.573,19,22,4,118,125,2.46,2.6,17.9,80.7,17.9,81.5,28.8,27.1,52.5
Minnesota Wild,2005,2006,82,38,36,--,8,84,0.512,32,33,5,226,212,2.76,2.59,17,87.4,15.5,89.9,26.8,30,48.3
Minnesota Wild,2021,2022,82,53,22,--,7,113,0.689,37,48,5,305,249,3.72,3.04,20.5,76.1,18.6,76.9,32.5,31.4,47.6
Minnesota Wild,2002,2003,82,42,29,10,1,95,0.579,34,42,0,198,178,2.41,2.17,14.2,86,12.8,89,25.4,28.5,46.8
Minnesota Wild,2000,2001,82,25,39,13,5,68,0.415,21,25,0,168,210,2.05,2.56,9.6,84.7,5.9,88.2,24.6,28.1,48.1
Minnesota Wild,2013,2014,82,43,27,--,12,98,0.598,32,35,8,199,198,2.43,2.41,17.9,78.8,14.7,80.4,26.6,27.7,50.9
Minnesota Wild,2006,2007,82,48,26,--,8,104,0.634,31,38,10,225,184,2.74,2.24,19,86,16.8,88.6,29.6,28.8,47.6
Minnesota Wild,2001,2002,82,26,35,12,9,73,0.445,26,26,0,195,238,2.38,2.9,14.8,82.9,12.3,85.9,23.8,28,48.5
Minnesota Wild,2010,2011,82,39,35,--,8,86,0.524,31,36,3,203,228,2.48,2.78,18.2,82.8,15.8,85.1,26.2,32,50.8
Minnesota Wild,2007,2008,82,44,28,--,10,98,0.598,35,41,3,220,210,2.68,2.56,18.9,85.2,16,86.1,27,30.1,47.3
Minnesota Wild,2017,2018,82,45,26,--,11,101,0.616,38,42,3,250,229,3.05,2.79,20.4,81.3,17.9,83.8,30.2,31.3,49.8
Minnesota Wild,2018,2019,82,37,36,--,9,83,0.506,33,36,1,210,233,2.56,2.84,20.3,81.7,18.7,83.8,31.3,29.5,49.4
Minnesota Wild,2008,2009,82,40,33,--,9,89,0.543,32,35,5,214,197,2.61,2.4,20.1,87.6,18.3,90.7,27.5,30.7,48.5
Minnesota Wild,2020,2021,56,35,16,--,5,75,0.67,27,34,1,180,159,3.21,2.84,17.6,80.8,15.8,82,28.3,30.4,46.5
Minnesota Wild,2003,2004,82,30,29,20,3,83,0.506,29,30,0,188,183,2.29,2.23,13.6,84.5,11.5,86.9,24.2,29.1,46.7
Minnesota Wild,2015,2016,82,38,33,--,11,87,0.53,34,35,3,213,204,2.6,2.49,18.5,77.9,16.2,81.4,29,28.6,52.5
Minnesota Wild,2014,2015,82,46,28,--,8,100,0.61,38,42,4,227,198,2.77,2.41,15.9,86.3,14.6,88,30.8,27.6,49.9
Minnesota Wild,2019,2020,69,35,27,--,7,77,0.558,30,33,2,218,217,3.16,3.14,21.3,77.2,18.5,78.6,30.1,30.7,48.4
Minnesota Wild,2022,2023,82,46,25,--,11,103,0.628,34,39,7,239,219,2.91,2.67,21.4,82,20.2,87.5,30.9,31.1,47.7
Montréal Canadiens,2022,2023,82,31,45,--,6,68,0.415,21,26,5,227,305,2.77,3.72,16.1,72.7,14.8,75.6,27.3,33.6,48.5
Montréal Canadiens,2007,2008,82,47,25,--,10,104,0.634,37,42,5,257,216,3.13,2.63,24.1,82.5,23.3,84.8,29.1,31.6,49
Montréal Canadiens,2021,2022,82,22,49,--,11,55,0.335,16,19,3,218,317,2.66,3.87,13.7,75.6,8.9,77.7,29.8,34.4,49.2
Montréal Canadiens,2013,2014,82,46,28,--,8,100,0.61,33,40,6,209,201,2.55,2.45,17.2,85.1,14.3,87.2,28.4,31,49.6
Montréal Canadiens,2019,2020,71,31,31,--,9,71,0.5,19,27,4,208,220,2.93,3.1,17.7,78.7,15.1,81.5,34.1,31.1,50.4
Montréal Canadiens,2003,2004,82,41,30,7,4,93,0.567,36,41,0,208,192,2.54,2.34,17.2,82.5,15.4,84.1,27.7,28.6,51.7
Montréal Canadiens,2006,2007,82,42,34,--,6,90,0.549,34,36,6,239,251,2.91,3.06,22.8,83.5,21.2,87.6,29.6,32.7,49.5
Montréal Canadiens,2012,2013,48,29,14,--,5,63,0.656,24,26,3,146,124,3.04,2.58,20.7,79.8,19.7,79.8,30.6,26.9,49.8
Montréal Canadiens,2017,2018,82,29,40,--,13,71,0.433,24,27,2,207,258,2.52,3.15,21.2,74.1,18.8,76.8,32.8,32.3,47.6
Montréal Canadiens,2011,2012,82,31,35,--,16,78,0.476,24,26,5,207,214,2.52,2.61,14.3,88.6,11.6,91.8,28.5,29.7,48.3
Montréal Canadiens,2009,2010,82,39,33,--,10,88,0.537,24,32,7,210,218,2.56,2.66,21.8,83,18.8,84.2,28.6,32.1,49.7
Montréal Canadiens,2020,2021,56,24,21,--,11,59,0.527,20,23,1,158,165,2.82,2.95,19.2,78.5,17.9,83.7,31.2,28.2,48.4
Montréal Canadiens,1999,2000,82,35,34,9,4,83,0.506,31,35,0,196,194,2.39,2.37,16.7,86.8,14.2,89.1,26,27.6,48.9
Montréal Canadiens,2010,2011,82,44,30,--,8,96,0.585,36,41,3,213,206,2.6,2.51,19.7,84.4,17.6,85.9,31.7,31,49
Montréal Canadiens,2008,2009,82,41,30,--,11,93,0.567,30,34,7,242,240,2.95,2.93,19.3,82.4,16.3,85.1,30,31.7,50.9
Montréal Canadiens,1998,1999,82,32,39,11,--,75,0.457,32,32,0,184,209,2.24,2.55,14.5,87.2,11.6,89.5,27.7,26.9,48.5
Montréal Canadiens,2016,2017,82,47,26,--,9,103,0.628,33,44,3,223,198,2.72,2.41,19.7,81.1,17,83.1,30,29.6,50.3
Montréal Canadiens,2018,2019,82,44,30,--,8,96,0.585,37,41,3,246,236,3,2.88,13.3,80.9,11.5,83,34.1,31.1,49.4
Montréal Canadiens,2014,2015,82,50,22,--,10,110,0.671,37,43,7,214,184,2.61,2.24,16.5,83.7,14.8,86.4,28.5,30.1,52.1
Montréal Canadiens,2015,2016,82,38,38,--,6,82,0.5,30,33,5,216,233,2.63,2.84,16.2,81.9,12,85,30.5,29.4,50.3
Montréal Canadiens,2002,2003,82,30,35,8,9,77,0.47,28,30,0,206,234,2.51,2.85,14,81.7,12.1,82.3,25.8,32.7,52.7
Montréal Canadiens,2000,2001,82,28,40,8,6,70,0.427,26,28,0,206,232,2.51,2.83,16.2,82.2,15.4,83.7,26.2,28,49.5
Montréal Canadiens,2005,2006,82,42,31,--,9,93,0.567,33,40,2,241,244,2.94,2.98,19.2,81.1,17.9,83.2,30.1,30.6,49.3
Montréal Canadiens,2001,2002,82,36,31,12,3,87,0.53,34,36,0,207,209,2.52,2.55,15,86.3,13.6,88.8,25.5,31.7,52.8
Nashville Predators,1999,2000,82,28,40,7,7,70,0.427,24,28,0,199,240,2.43,2.93,13.5,85.1,9.9,88,27,30.5,49.1
Nashville Predators,2008,2009,82,40,34,--,8,88,0.537,28,34,6,207,228,2.52,2.78,15.7,82.5,13.2,85.2,29,29.4,52.2
Nashville Predators,2021,2022,82,45,30,--,7,97,0.591,35,41,4,262,250,3.2,3.05,24.4,79.2,22.5,79.9,29.7,32.3,51.2
Nashville Predators,2006,2007,82,51,23,--,8,110,0.671,42,45,6,266,207,3.24,2.52,17.4,85.8,16.9,87.9,27.6,31.2,50.3
Nashville Predators,2022,2023,82,42,32,--,8,92,0.561,29,36,6,223,236,2.72,2.88,17.6,82.6,15.2,84.7,29.5,33.3,52.2
Nashville Predators,1998,1999,82,28,47,7,--,63,0.384,27,28,0,190,261,2.32,3.18,12.4,79,9.3,81,27.1,33,51.3
Nashville Predators,2001,2002,82,28,41,13,0,69,0.421,23,28,0,196,230,2.39,2.8,14.2,85.9,11.9,87.6,24.6,28.2,47
Nashville Predators,2013,2014,82,38,32,--,12,88,0.537,33,36,2,214,233,2.61,2.84,19.3,80.3,19.3,81.1,29,28.9,53.1
Nashville Predators,2018,2019,82,47,29,--,6,100,0.61,38,43,4,236,212,2.88,2.59,12.9,82.1,9.8,85.3,32.7,30,51.5
Nashville Predators,2017,2018,82,53,18,--,11,117,0.713,42,47,6,261,204,3.18,2.49,21.3,81.9,19.4,85.3,32.2,32.4,53.3
Nashville Predators,2020,2021,56,31,23,--,2,64,0.571,21,26,5,151,154,2.7,2.75,17.6,75.6,16.4,79.1,30,31.3,51.7
Nashville Predators,2005,2006,82,49,25,--,8,106,0.646,40,43,6,253,224,3.09,2.73,18.4,84.6,15.8,86.9,29,32.5,53.8
Nashville Predators,2007,2008,82,41,32,--,9,91,0.555,33,38,3,227,224,2.77,2.73,14.8,85.4,12,87.5,29.6,29.8,50.5
Nashville Predators,2011,2012,82,48,26,--,8,104,0.634,40,43,5,232,205,2.83,2.5,21.6,83.6,20,85.7,27.6,30.8,49
Nashville Predators,2012,2013,48,16,23,--,9,41,0.427,11,14,2,109,133,2.27,2.77,17.1,75.5,14.3,76.3,25.9,27.8,49.7
Nashville Predators,2002,2003,82,27,35,13,7,74,0.451,22,27,0,183,206,2.23,2.51,13.9,82.7,12,83.3,28.2,27.5,48.5
Nashville Predators,2010,2011,82,44,27,--,11,99,0.604,36,38,6,213,190,2.6,2.32,15.2,84.9,14.5,86.8,28.8,30.6,50.2
Nashville Predators,2015,2016,82,41,27,--,14,96,0.585,35,37,4,224,213,2.73,2.6,19.7,81.2,18.9,84.1,30.6,27.3,48.7
Nashville Predators,2019,2020,69,35,26,--,8,78,0.565,28,32,3,212,214,3.07,3.1,17.3,76.1,13.7,78.9,33.1,31.3,52.3
Nashville Predators,2000,2001,82,34,36,9,3,80,0.488,29,34,0,186,200,2.27,2.44,14.1,85.2,13,87.3,26.6,28.6,48.4
Nashville Predators,2009,2010,82,47,29,--,6,100,0.61,33,39,8,217,221,2.65,2.7,16.4,77.1,14.3,79.1,30.6,29.2,49.2
Nashville Predators,2014,2015,82,47,25,--,10,104,0.634,33,41,6,226,202,2.76,2.46,16.2,80.8,14.3,82.5,31.9,28.3,48.9
Nashville Predators,2003,2004,82,38,29,11,4,91,0.555,31,38,0,216,217,2.63,2.65,16.9,81.8,15,85.8,27.2,28.5,48.9
Nashville Predators,2016,2017,82,41,29,--,12,94,0.573,35,39,2,238,220,2.9,2.68,18.9,80.9,16.6,85.9,31.2,30.1,51.4
New Jersey Devils,2012,2013,48,19,19,--,10,48,0.5,16,17,2,110,122,2.29,2.54,15.3,81.1,11.9,87.6,28.4,23.1,48.2
New Jersey Devils,2020,2021,56,19,30,--,7,45,0.402,15,19,0,145,189,2.59,3.38,14.2,71,11,73,28.8,31,46.6
New Jersey Devils,2018,2019,82,31,41,--,10,72,0.439,24,28,3,219,271,2.67,3.3,17.7,84.3,13.8,88.2,30.3,31.6,49.4
New Jersey Devils,1998,1999,82,47,24,11,--,105,0.64,44,47,0,248,196,3.02,2.39,19.7,85.5,18.1,87.7,31.3,24.7,50
New Jersey Devils,1999,2000,82,45,24,8,5,103,0.628,42,45,0,251,203,3.06,2.48,20.1,87.5,16.8,90.4,33.1,25.6,49.3
New Jersey Devils,2013,2014,82,35,29,--,18,88,0.537,26,35,0,197,195,2.4,2.38,19.5,86.4,17.8,89.8,26.8,25.5,47
New Jersey Devils,2016,2017,82,28,40,--,14,70,0.427,18,25,3,180,241,2.2,2.94,17.5,79.6,12.8,81.9,27.8,31.4,49.2
New Jersey Devils,2021,2022,82,27,46,--,9,63,0.384,19,24,3,245,302,2.99,3.68,15.6,80.2,9.3,83,31.2,31,46.9
New Jersey Devils,2007,2008,82,46,29,--,7,99,0.604,31,38,8,198,193,2.41,2.35,15.6,82.8,13.4,84.7,28.8,27.5,50.4
New Jersey Devils,2014,2015,82,32,36,--,14,78,0.476,26,27,5,176,209,2.15,2.55,19.3,80.6,15.6,83.2,24.5,30.7,47.3
New Jersey Devils,2003,2004,82,43,25,12,2,100,0.61,36,43,0,213,164,2.6,2,16.4,85.3,14.7,88.4,29.7,24.4,49.2
New Jersey Devils,2002,2003,82,46,20,10,6,108,0.659,38,46,0,216,166,2.63,2.02,11.9,87.9,10.6,90.5,31.7,23.6,50.7
New Jersey Devils,2006,2007,82,49,24,--,9,107,0.652,36,39,10,206,193,2.51,2.35,17.7,85.2,14.7,86.7,28.7,28.4,49
New Jersey Devils,2009,2010,82,48,27,--,7,103,0.628,40,42,6,216,186,2.63,2.27,18.7,82.9,16.9,85.8,30,27,49.4
New Jersey Devils,2011,2012,82,48,28,--,6,102,0.622,32,36,12,216,205,2.63,2.5,17.2,89.6,12.4,95.4,27.5,26.8,47.1
New Jersey Devils,2000,2001,82,48,19,12,3,111,0.677,43,48,0,295,195,3.6,2.38,22.9,84.7,21,87.5,31.6,24.7,49.4
New Jersey Devils,2005,2006,82,46,27,--,9,101,0.616,33,37,9,233,225,2.84,2.74,17.8,81.9,16.4,82.8,29.2,29.3,49.5
New Jersey Devils,2022,2023,82,52,22,--,8,112,0.683,39,50,2,289,222,3.52,2.71,21.9,82.6,18.3,86.5,34.4,28.2,51.3
New Jersey Devils,2010,2011,82,38,39,--,5,81,0.494,28,35,3,171,207,2.09,2.52,14.4,83.4,11,84.7,28.6,26.2,51.2
New Jersey Devils,2015,2016,82,38,36,--,8,84,0.512,27,36,2,182,202,2.22,2.46,19.9,83,16.8,84.9,24.4,28.6,46.4
New Jersey Devils,2008,2009,82,51,27,--,4,106,0.646,36,45,6,238,207,2.9,2.52,18.9,79.9,17.6,83.6,32.9,29.5,51.3
New Jersey Devils,2001,2002,82,41,28,9,4,95,0.579,35,41,0,205,187,2.5,2.28,16.9,83.8,13.8,84.5,29.8,23.2,49.5
New Jersey Devils,2019,2020,69,28,29,--,12,68,0.493,22,24,4,185,224,2.68,3.25,18,82.4,13.7,86.4,30.7,32.7,46.8
New Jersey Devils,2017,2018,82,44,29,--,9,97,0.591,33,39,5,243,240,2.96,2.93,21.4,81.8,19.1,86.4,31.7,31.9,47
New York Islanders,2015,2016,82,45,27,--,10,100,0.61,34,40,5,227,211,2.77,2.57,18.3,84.5,15.7,87.5,29.4,30.4,50.1
New York Islanders,2008,2009,82,26,47,--,9,61,0.372,20,23,3,198,274,2.41,3.34,16.9,79.8,15.3,83.1,28.9,33.5,45.7
New York Islanders,2020,2021,56,32,17,--,7,71,0.634,24,28,4,152,125,2.71,2.23,18.8,83.7,18.8,86.7,29,28.4,51.4
New York Islanders,1998,1999,82,24,48,10,--,58,0.354,23,24,0,194,244,2.37,2.98,15.8,83.5,13.8,85.7,26.3,28.4,50.6
New York Islanders,2017,2018,82,35,37,--,10,80,0.488,25,32,3,261,293,3.18,3.57,23.2,73.2,18.8,75.3,31.4,35.6,48.9
New York Islanders,2009,2010,82,34,37,--,11,79,0.482,20,26,8,214,258,2.61,3.15,16,76.3,15,78.7,30.4,31.9,48.2
New York Islanders,2022,2023,82,42,31,--,9,93,0.567,36,41,1,242,217,2.95,2.65,15.8,82.2,12.6,84.9,30.8,31,51.7
New York Islanders,2006,2007,82,40,30,--,12,92,0.561,30,32,8,240,235,2.93,2.87,18.1,81.8,15.5,83.4,30,32.6,51.6
New York Islanders,2012,2013,48,24,17,--,7,55,0.573,18,20,4,135,136,2.81,2.83,19.9,80.3,19.9,81.7,30.9,28.2,49.7
New York Islanders,2021,2022,82,37,35,--,10,84,0.512,34,35,2,229,231,2.79,2.82,22.1,84.2,18.8,86.5,28.9,32.5,51.3
New York Islanders,2001,2002,82,42,28,8,4,96,0.585,36,42,0,239,220,2.91,2.68,16.3,85.8,13.5,90.4,28.3,27.9,51.7
New York Islanders,2013,2014,82,34,37,--,11,79,0.482,21,25,9,216,261,2.63,3.18,17.8,78.1,15.2,81.1,30.9,30,47.2
New York Islanders,2003,2004,82,38,29,11,4,91,0.555,36,38,0,237,210,2.89,2.56,16.7,85.5,15.2,88.6,28.5,27.4,49.3
New York Islanders,1999,2000,82,24,48,9,1,58,0.354,19,24,0,194,275,2.37,3.35,14.1,80,11.6,81.9,26.2,33.4,47.9
New York Islanders,2011,2012,82,34,37,--,11,79,0.482,24,27,7,196,251,2.39,3.06,18.5,80.5,16.5,82.2,29.4,30.1,48
New York Islanders,2019,2020,68,35,23,--,10,80,0.588,24,32,3,189,190,2.78,2.79,17.3,80.7,14.3,84.1,29.6,31.2,49.9
New York Islanders,2000,2001,82,21,51,7,3,52,0.317,19,21,0,185,268,2.26,3.27,13.2,82.3,9.6,84.3,27.5,29,48.7
New York Islanders,2010,2011,82,30,39,--,13,73,0.445,19,26,4,225,258,2.74,3.15,17.2,83.2,14.9,88.1,29.4,32,50.1
New York Islanders,2018,2019,82,48,27,--,7,103,0.628,37,43,5,223,191,2.72,2.33,14.5,79.9,14.1,82.7,28.8,30.9,47.4
New York Islanders,2016,2017,82,41,29,--,12,94,0.573,33,39,2,239,238,2.91,2.9,15,81.9,12,84.1,30.2,31.9,47.7
New York Islanders,2007,2008,82,35,38,--,9,79,0.482,25,30,5,189,240,2.3,2.93,14.6,81.9,10,84.5,29.7,30.3,51.1
New York Islanders,2014,2015,82,47,28,--,7,101,0.616,34,40,7,245,224,2.99,2.73,18.7,78,17.6,82.6,33.8,28.3,49.2
New York Islanders,2005,2006,82,36,40,--,6,78,0.476,24,27,9,221,275,2.7,3.35,16.9,79.2,13.6,80.3,30.3,31.1,48.7
New York Islanders,2002,2003,82,35,34,11,2,83,0.506,30,35,0,224,231,2.73,2.82,15.1,83.5,13.8,86.4,29.6,28.3,51.1
New York Rangers,2017,2018,82,34,39,--,9,77,0.47,24,31,3,228,263,2.78,3.21,21.2,81.4,19.1,83.4,31,35.3,49.3
New York Rangers,2009,2010,82,38,33,--,11,87,0.53,34,35,3,219,214,2.67,2.61,18.3,84.3,16,85.9,29.6,29.9,49.2
New York Rangers,2022,2023,82,47,22,--,13,107,0.652,37,43,4,273,216,3.33,2.63,24.1,81.2,22,84.8,31.5,29.3,49.1
New York Rangers,2010,2011,82,44,33,--,5,93,0.567,32,35,9,224,195,2.73,2.38,16.9,83.7,15.2,87.9,29.9,29.4,47.7
New York Rangers,2014,2015,82,53,22,--,7,113,0.689,43,49,4,248,187,3.02,2.28,16.8,84.3,14.2,88.1,31.5,29.5,46.7
New York Rangers,2005,2006,82,44,26,--,12,100,0.61,33,37,7,250,211,3.05,2.57,18.9,83.7,16.8,84.6,29.9,28.8,47.5
New York Rangers,2016,2017,82,48,28,--,6,102,0.622,40,45,3,253,216,3.09,2.63,20.2,79.8,18,83.9,29.7,30.1,48.4
New York Rangers,2008,2009,82,43,30,--,9,95,0.579,30,33,10,200,212,2.44,2.59,13.9,87.8,9.8,90.6,32.4,29.7,50.9
New York Rangers,2003,2004,82,27,40,7,8,69,0.421,24,27,0,206,250,2.51,3.05,14.3,79.4,11.8,80.9,29.5,29.2,51.4
New York Rangers,2000,2001,82,33,43,5,1,72,0.439,28,33,0,250,290,3.05,3.54,17.9,78.5,14.6,82.5,28.6,31.4,51.2
New York Rangers,2002,2003,82,32,36,10,4,78,0.476,26,32,0,210,231,2.56,2.82,16.2,81.2,13.9,83.3,30.1,29.6,53.3
New York Rangers,2012,2013,48,26,18,--,4,56,0.583,18,22,4,126,108,2.63,2.25,15.7,81.1,13.1,84.5,30.9,28.2,50
New York Rangers,2006,2007,82,42,30,--,10,94,0.573,30,33,9,233,211,2.84,2.57,18.5,83.8,17,86.5,31.5,28.4,49.9
New York Rangers,2015,2016,82,46,27,--,9,101,0.616,39,43,3,233,215,2.84,2.62,18.6,78.2,16.4,79.4,28.5,30.4,49.2
New York Rangers,2018,2019,82,32,36,--,14,78,0.476,23,26,6,221,267,2.7,3.26,19.4,78.2,17.6,80.8,29.2,33.8,46.9
New York Rangers,2019,2020,70,37,28,--,5,79,0.564,31,36,1,233,220,3.33,3.14,22.9,77.4,20.3,80.9,31.1,34,46.6
New York Rangers,2021,2022,82,52,24,--,6,110,0.671,44,48,4,250,204,3.05,2.49,25.2,82.3,24.3,85.8,29.2,30.8,48.1
New York Rangers,2020,2021,56,27,23,--,6,60,0.536,24,26,1,176,155,3.14,2.77,20.7,82.3,18.4,87,28.7,29.7,44.5
New York Rangers,1998,1999,82,33,38,11,--,77,0.47,28,33,0,217,227,2.65,2.77,20.4,85.7,17.8,87.8,25.4,30.2,49
New York Rangers,2001,2002,82,36,38,4,4,80,0.488,31,36,0,227,258,2.77,3.15,14.7,79.9,13.2,81.9,29.2,31.9,50.7
New York Rangers,2011,2012,82,51,24,--,7,109,0.665,39,47,4,222,182,2.71,2.22,15.7,86.2,14.3,89.2,28.5,27.8,50
New York Rangers,1999,2000,82,29,38,12,3,73,0.445,23,29,0,218,246,2.66,3,16.9,83.2,14.2,84.9,29.5,29.8,53.1
New York Rangers,2013,2014,82,45,31,--,6,96,0.585,39,41,4,214,190,2.61,2.32,18.2,85.3,15.5,89.7,33.2,29.4,48.8
New York Rangers,2007,2008,82,42,27,--,13,97,0.591,30,34,8,205,190,2.5,2.32,16.5,84.6,14.9,85.7,31.5,25.9,52.3
Ottawa Senators,2011,2012,82,41,31,--,10,92,0.561,30,35,6,243,236,2.96,2.88,18.2,81.6,15.6,84.5,31.4,32,50.1
Ottawa Senators,2022,2023,82,39,35,--,8,86,0.524,31,37,2,259,270,3.16,3.29,23.5,80.1,19.9,83.1,33.5,31.4,51.5
Ottawa Senators,2020,2021,56,23,28,--,5,51,0.455,18,21,2,155,189,2.77,3.38,15.5,79,12.6,83,29.7,32.1,47.4
Ottawa Senators,1999,2000,82,41,28,11,2,95,0.579,39,41,0,244,210,2.98,2.56,16.8,87.6,14.2,89.7,31.5,25.2,50.4
Ottawa Senators,2003,2004,82,43,23,10,6,102,0.622,40,43,0,262,189,3.2,2.3,21.6,83.6,19.4,85.3,29.5,24.9,47.1
Ottawa Senators,2015,2016,82,38,35,--,9,85,0.518,26,32,6,230,241,2.8,2.94,15.8,75.8,14.6,82.5,28.4,32.8,50.6
Ottawa Senators,2001,2002,82,39,27,9,7,94,0.573,36,39,0,243,208,2.96,2.54,16.6,84.4,15.1,88,30.1,25.9,50.1
Ottawa Senators,2017,2018,82,28,43,--,11,67,0.409,18,26,2,219,284,2.67,3.46,16.6,76.2,14.2,77.9,30.7,33.1,50.3
Ottawa Senators,2005,2006,82,52,21,--,9,113,0.689,48,50,2,312,205,3.8,2.5,20.8,84.7,18.6,89.9,34.3,28.6,50.3
Ottawa Senators,2008,2009,82,36,35,--,11,83,0.506,29,32,4,213,231,2.6,2.82,19.5,81.5,18,83.8,29.3,28.5,51.8
Ottawa Senators,2016,2017,82,44,28,--,10,98,0.598,34,38,6,206,210,2.51,2.56,17,79.7,15.8,82.5,30,30.1,51
Ottawa Senators,2002,2003,82,52,21,8,1,113,0.689,45,52,0,263,182,3.21,2.22,21.2,84.9,19.2,86.1,29.8,24.8,47.1
Ottawa Senators,2000,2001,82,48,21,9,4,109,0.665,45,48,0,274,205,3.34,2.5,18.6,86.4,17.3,89.2,30.2,27.3,48.6
Ottawa Senators,2014,2015,82,43,26,--,13,99,0.604,30,37,6,232,208,2.83,2.54,16.8,82.9,13.9,85.2,31,32.1,48.2
Ottawa Senators,2019,2020,71,25,34,--,12,62,0.437,18,24,1,190,238,2.68,3.35,14.2,76.1,11.4,82.6,30.6,33.6,50.3
Ottawa Senators,2007,2008,82,43,31,--,8,94,0.573,37,40,3,258,242,3.15,2.95,18.3,81.1,16.5,85.8,30.1,30,51.7
Ottawa Senators,1998,1999,82,44,23,15,--,103,0.628,43,44,0,239,179,2.91,2.18,14.9,86.1,11.6,88,30.5,25.2,48.3
Ottawa Senators,2009,2010,82,44,32,--,6,94,0.573,34,39,5,220,233,2.68,2.84,16.9,84.3,15.5,86.2,29.7,28.5,49.3
Ottawa Senators,2010,2011,82,32,40,--,10,74,0.451,28,30,2,190,245,2.32,2.99,17.5,83.7,16,85.7,29,31.2,50.8
Ottawa Senators,2018,2019,82,29,47,--,6,64,0.39,23,29,0,242,301,2.95,3.67,20.4,79.2,16.8,81,29.6,35.7,49.6
Ottawa Senators,2021,2022,82,33,42,--,7,73,0.445,26,30,3,224,264,2.73,3.22,19.3,80.3,17.7,83.9,30,33.4,47.9
Ottawa Senators,2006,2007,82,48,25,--,9,105,0.64,44,46,2,286,216,3.49,2.63,17.9,84.5,14.9,88.8,32.3,30.2,50.3
Ottawa Senators,2012,2013,48,25,17,--,6,56,0.583,19,21,4,112,100,2.33,2.08,15.9,88,15.3,89.2,33.1,31.3,49.2
Ottawa Senators,2013,2014,82,37,31,--,14,88,0.537,27,30,7,229,258,2.79,3.15,18.5,80.9,14.8,82.5,32.8,34.7,51.2
Philadelphia Flyers,2015,2016,82,41,27,--,14,96,0.585,28,38,3,211,210,2.57,2.56,18.9,80.5,16.1,81.7,31,30.7,51
Philadelphia Flyers,2017,2018,82,42,26,--,14,98,0.598,31,40,2,249,236,3.04,2.88,20.7,75.8,16.9,77.1,32.1,29.9,53.3
Philadelphia Flyers,2010,2011,82,47,23,--,12,106,0.646,41,44,3,256,216,3.12,2.63,16.6,82.8,14.9,86.9,31.8,30.1,50.3
Philadelphia Flyers,2013,2014,82,42,30,--,10,94,0.573,35,39,3,233,227,2.84,2.77,19.7,84.8,16,87.3,30.4,30.6,50
Philadelphia Flyers,2019,2020,69,41,21,--,7,89,0.645,31,36,5,227,191,3.29,2.77,20.8,81.8,18.1,85.7,31.4,28.7,54.6
Philadelphia Flyers,2003,2004,82,40,21,15,6,101,0.616,38,40,0,229,186,2.79,2.27,20.7,83.3,19.8,85.3,29.4,25.5,50.3
Philadelphia Flyers,2001,2002,82,42,27,10,3,97,0.591,39,42,0,234,192,2.85,2.34,13,86.4,9.7,89.1,29.8,26.1,49.9
Philadelphia Flyers,2005,2006,82,45,26,--,11,101,0.616,34,41,4,263,253,3.21,3.09,18,79.1,16.7,83.2,31.1,28.9,49.5
Philadelphia Flyers,1998,1999,82,37,26,19,--,93,0.567,35,37,0,231,196,2.82,2.39,16.8,84.1,15,85.3,29.9,22.9,55.4
Philadelphia Flyers,2021,2022,82,25,46,--,11,61,0.372,20,24,1,210,294,2.56,3.59,12.6,75.7,8,78.3,31,34,52.1
Philadelphia Flyers,2006,2007,82,22,48,--,12,56,0.341,18,21,1,213,297,2.6,3.62,14.1,84.5,10.4,88.1,28.8,32.6,47.1
Philadelphia Flyers,2008,2009,82,44,27,--,11,99,0.604,34,40,4,260,232,3.17,2.83,22.5,83,22.2,87,29.8,32.5,48.3
Philadelphia Flyers,2022,2023,82,31,38,--,13,75,0.457,26,29,2,220,276,2.68,3.37,15.6,74.7,11.6,79.4,29.5,31.5,45.7
Philadelphia Flyers,2018,2019,82,37,37,--,8,82,0.5,28,34,3,241,280,2.94,3.41,17.1,78.5,12.4,80.2,31.5,32.5,54.7
Philadelphia Flyers,2014,2015,82,33,31,--,18,84,0.512,25,30,3,212,223,2.59,2.72,23.4,77.1,21.1,78.2,29.4,30.3,51.1
Philadelphia Flyers,1999,2000,82,45,22,12,3,105,0.64,39,45,0,237,179,2.89,2.18,20.3,86.7,18.2,88.9,30.4,23.6,51.7
Philadelphia Flyers,2012,2013,48,23,22,--,3,49,0.51,20,22,1,132,139,2.75,2.9,21.6,85.9,19.9,87,29,28.6,48.5
Philadelphia Flyers,2011,2012,82,47,26,--,9,103,0.628,37,43,4,260,225,3.17,2.74,19.7,81.8,17,83.7,32.2,28.4,48.3
Philadelphia Flyers,2016,2017,82,39,33,--,10,88,0.537,25,32,7,212,231,2.59,2.82,19.5,79.8,16.3,81.4,31.5,28.5,52.3
Philadelphia Flyers,2002,2003,82,45,20,13,4,107,0.652,39,45,0,211,166,2.57,2.02,14.3,85.2,11.9,87.6,30.9,24.6,52.2
Philadelphia Flyers,2007,2008,82,42,29,--,11,95,0.579,36,39,3,245,227,2.99,2.77,21.8,83.3,20.3,86.6,28.8,31.8,49.3
Philadelphia Flyers,2020,2021,56,25,23,--,8,58,0.518,17,22,3,160,197,2.86,3.52,19.2,73.1,15.6,73.7,30.2,29.2,54
Philadelphia Flyers,2013,2014,82,42,30,--,10,94,0.573,35,39,3,233,227,2.84,2.77,19.7,84.8,16,87.3,30.4,30.6,50
Philadelphia Flyers,2015,2016,82,41,27,--,14,96,0.585,28,38,3,211,210,2.57,2.56,18.9,80.5,16.1,81.7,31,30.7,51
Phoenix Coyotes,2013,2014,82,37,30,--,15,89,0.543,28,31,6,210,224,2.56,2.73,19.9,79,18.1,80.2,30.5,31,52
Phoenix Coyotes,1998,1999,82,39,31,12,--,90,0.549,37,39,0,205,197,2.5,2.4,12,87.1,10.5,89.4,29.2,27.4,49.1
Phoenix Coyotes,2009,2010,82,50,25,--,7,107,0.652,31,36,14,211,196,2.57,2.39,14.7,84.5,12.4,85.5,30.5,29.6,50
Phoenix Coyotes,2007,2008,82,38,37,--,7,83,0.506,29,33,5,209,225,2.55,2.74,18.6,80.7,15,84,30.5,30.7,48.6
Phoenix Coyotes,2001,2002,82,40,27,9,6,95,0.579,36,40,0,228,210,2.78,2.56,15.6,83.2,13.8,85.4,26.6,28.6,48.2
Phoenix Coyotes,2008,2009,82,36,39,--,7,79,0.482,32,33,3,205,249,2.5,3.04,14.5,76.8,13.4,78.5,28.1,31.6,44.8
Phoenix Coyotes,2011,2012,82,42,27,--,13,97,0.591,33,36,6,210,194,2.56,2.37,13.6,85.5,11.2,88,29.6,31.6,50.2
Phoenix Coyotes,2012,2013,48,21,18,--,9,51,0.531,16,17,4,121,125,2.52,2.6,14.8,79.9,13.6,81.1,30.9,30.6,52
Phoenix Coyotes,2005,2006,82,38,39,--,5,81,0.494,28,34,4,242,268,2.95,3.27,17.7,80.9,15.7,82.7,28.3,30.2,49.2
Phoenix Coyotes,2010,2011,82,43,26,--,13,99,0.604,36,38,5,226,220,2.76,2.68,15.9,78.4,13.8,80.1,30.3,32.6,51.5
Phoenix Coyotes,2002,2003,82,31,35,11,5,78,0.476,27,31,0,204,230,2.49,2.8,14.3,81.3,11.4,82.3,28,30,46.6
Phoenix Coyotes,2003,2004,82,22,36,18,6,68,0.415,17,22,0,188,245,2.29,2.99,14.3,82.2,12,84.4,26.5,30.6,48.9
Phoenix Coyotes,2006,2007,82,31,46,--,5,67,0.409,24,26,5,211,282,2.57,3.44,16.5,78.4,13.3,79.5,28.3,30.1,52.7
Phoenix Coyotes,2000,2001,82,35,27,17,3,90,0.549,32,35,0,214,212,2.61,2.59,16.6,85.2,14.9,87.3,25.1,29.6,49.8
Phoenix Coyotes,1999,2000,82,39,31,8,4,90,0.549,35,39,0,232,228,2.83,2.78,11.9,86,9.7,90.5,27,28.5,50.4
Pittsburgh Penguins,1998,1999,82,38,30,14,--,90,0.549,31,38,0,242,225,2.95,2.74,17.9,81.5,14.1,84.8,25.5,26,49.2
Pittsburgh Penguins,2000,2001,82,42,28,9,3,96,0.585,39,42,0,281,256,3.43,3.12,20.3,80.7,17.3,82.5,29.2,29.2,46.7
Pittsburgh Penguins,2018,2019,82,44,26,--,12,100,0.61,37,42,2,271,238,3.3,2.9,24.6,79.7,18,85.1,33.3,33.3,50.6
Pittsburgh Penguins,2011,2012,82,51,25,--,6,108,0.659,40,42,9,273,218,3.33,2.66,19.7,87.8,16.3,91.9,33.9,27.4,50.4
Pittsburgh Penguins,2002,2003,82,27,44,6,5,65,0.396,24,27,0,189,255,2.3,3.11,18.3,83.5,15.6,84.4,25.4,30.9,49.5
Pittsburgh Penguins,2013,2014,82,51,24,--,7,109,0.665,40,44,7,242,204,2.95,2.49,23.4,85,21.2,86.6,29.9,28.8,51
Pittsburgh Penguins,2012,2013,48,36,12,--,0,72,0.75,31,33,3,162,119,3.38,2.48,24.7,79.6,22.9,80.8,30,29.2,51.5
Pittsburgh Penguins,2003,2004,82,23,47,8,4,58,0.354,16,23,0,190,303,2.32,3.7,18.1,77.2,13.9,79.1,24.7,33.2,47.2
Pittsburgh Penguins,1999,2000,82,37,31,8,6,88,0.537,34,37,0,241,236,2.94,2.88,15.6,82.6,12.4,84.7,26.1,28.7,48
Pittsburgh Penguins,2022,2023,82,40,31,--,11,91,0.555,31,39,1,261,263,3.18,3.21,21.7,79.1,20,81,34.4,32.8,52.1
Pittsburgh Penguins,2015,2016,82,48,26,--,8,104,0.634,38,44,4,241,199,2.94,2.43,18.4,84.4,16.5,88.7,33.2,29.7,50.2
Pittsburgh Penguins,2017,2018,82,47,29,--,6,100,0.61,33,45,2,270,248,3.29,3.02,26.2,80,25,82.3,34.4,31.1,50.3
Pittsburgh Penguins,2014,2015,82,43,27,--,12,98,0.598,33,39,4,217,204,2.65,2.49,19.3,84.8,15,87,31.6,29.3,49.1
Pittsburgh Penguins,2009,2010,82,47,28,--,7,101,0.616,33,39,8,249,235,3.04,2.87,17.2,84.1,14.7,86.2,32.8,28.7,49.3
Pittsburgh Penguins,2020,2021,56,37,16,--,3,77,0.688,29,34,3,193,155,3.45,2.77,23.7,77.4,21.1,81.3,30.1,30,49.3
Pittsburgh Penguins,2016,2017,82,50,21,--,11,111,0.677,40,46,4,278,229,3.39,2.79,23.1,79.8,20.4,81.7,33.5,32.6,47.6
Pittsburgh Penguins,2019,2020,69,40,23,--,6,86,0.623,29,37,3,221,196,3.2,2.84,19.9,82.1,17.5,85.3,31.9,29.7,48.9
Pittsburgh Penguins,2008,2009,82,45,28,--,9,99,0.604,33,39,6,258,233,3.15,2.84,17.2,82.7,13.6,84.7,29,30.3,49.1
Pittsburgh Penguins,2001,2002,82,28,41,8,5,69,0.421,21,28,0,198,249,2.41,3.04,14,83.8,11,85.2,27,29.2,47.1
Pittsburgh Penguins,2006,2007,82,47,24,--,11,105,0.64,31,37,10,267,240,3.26,2.93,20.3,82.1,17.5,85.4,28.9,30.9,47
Pittsburgh Penguins,2010,2011,82,49,25,--,8,106,0.646,34,39,10,228,196,2.78,2.39,15.8,86.1,13.8,90.1,31.5,28.7,49.2
Pittsburgh Penguins,2007,2008,82,47,27,--,8,102,0.622,39,40,7,240,212,2.93,2.59,20.4,81,17.7,82.6,27.7,30.8,46.1
Pittsburgh Penguins,2005,2006,82,22,46,--,14,58,0.354,17,21,1,243,310,2.96,3.78,19,78.8,15.8,81.2,28,33.2,45.9
Pittsburgh Penguins,2021,2022,82,46,25,--,11,103,0.628,37,43,3,269,222,3.28,2.71,20.2,84.4,16.9,85.9,34.7,31.4,51.1
San Jose Sharks,2015,2016,82,46,30,--,6,98,0.598,37,42,4,237,207,2.89,2.52,22.6,80.5,20,83.1,30.4,27.4,50.7
San Jose Sharks,2006,2007,82,51,26,--,5,107,0.652,48,49,2,256,197,3.12,2.4,22.4,83.3,21.5,85.5,28.6,26.2,51.1
San Jose Sharks,2010,2011,82,48,25,--,9,105,0.64,38,43,5,243,208,2.96,2.54,23.5,79.6,21.1,81.8,34.5,28.9,53.7
San Jose Sharks,2011,2012,82,43,29,--,10,96,0.585,31,34,9,219,205,2.67,2.5,21.1,76.9,19.6,78.2,33.8,28.6,53.3
San Jose Sharks,2003,2004,82,43,21,12,6,104,0.634,40,43,0,219,183,2.67,2.23,16.6,85.3,14,88.1,28,28.9,48.5
San Jose Sharks,2017,2018,82,45,27,--,10,100,0.61,35,40,5,247,226,3.01,2.76,20.6,84.8,19.5,88.4,33,30.3,51.3
San Jose Sharks,2021,2022,82,32,37,--,13,77,0.47,22,29,3,211,261,2.57,3.18,19,85.2,13.9,87,29.3,32,49.6
San Jose Sharks,2022,2023,82,22,44,--,16,60,0.366,16,21,1,233,315,2.84,3.84,18.4,82.4,12.6,84,29.5,32.2,51
San Jose Sharks,1999,2000,82,35,30,10,7,87,0.53,31,35,0,225,214,2.74,2.61,16.5,83.6,15.4,87.9,27.4,28.7,49.3
San Jose Sharks,2007,2008,82,49,23,--,10,108,0.659,40,43,6,216,187,2.63,2.28,18.7,85.8,16.3,88.1,29.6,24.2,51.2
San Jose Sharks,2020,2021,56,21,28,--,7,49,0.438,15,16,5,146,196,2.61,3.5,14.1,80.4,11.5,83.2,30,32,48.4
San Jose Sharks,2019,2020,70,29,36,--,5,63,0.45,22,27,2,180,225,2.57,3.21,17.5,85.7,14.3,88.8,30,30.6,48.9
San Jose Sharks,2009,2010,82,51,20,--,11,113,0.689,43,44,7,257,209,3.13,2.55,21,85,18.1,87.5,31.7,31.4,55.6
San Jose Sharks,2000,2001,82,40,27,12,3,95,0.579,33,40,0,217,192,2.65,2.34,14,86.2,11.6,88,27.6,26.5,48.3
San Jose Sharks,2001,2002,82,44,27,8,3,99,0.604,42,44,0,248,199,3.02,2.43,15.7,85.8,14.1,89.8,27.2,28.5,49
San Jose Sharks,2014,2015,82,40,33,--,9,89,0.543,34,36,4,224,226,2.73,2.76,21.7,78.5,19.7,80.3,31.6,29.7,51.9
San Jose Sharks,2018,2019,82,46,27,--,9,101,0.616,38,46,0,289,258,3.52,3.15,23.7,80.8,19.9,84.6,33,28.3,50.3
San Jose Sharks,2008,2009,82,53,18,--,11,117,0.713,43,47,6,251,199,3.06,2.43,24.2,83.3,21.1,87.3,33.2,27.2,53.8
San Jose Sharks,2012,2013,48,25,16,--,7,57,0.594,17,17,8,116,112,2.42,2.33,20.1,85,17.8,87.1,31.8,29,53.4
San Jose Sharks,1998,1999,82,31,33,18,--,80,0.488,30,31,0,196,191,2.39,2.33,13.3,85,12.3,87,26.1,27,47.4
San Jose Sharks,2016,2017,82,46,29,--,7,99,0.604,38,44,2,219,200,2.67,2.44,16.7,80.7,14.2,84,29.9,27.7,48.1
San Jose Sharks,2013,2014,82,51,22,--,9,111,0.677,37,41,10,239,193,2.91,2.35,17.2,84.9,15.1,88.6,34.8,27.8,52.8
San Jose Sharks,2002,2003,82,28,37,9,8,73,0.445,26,28,0,214,239,2.61,2.91,18.1,81,15.5,82.4,28.1,29.2,50.3
San Jose Sharks,2005,2006,82,44,27,--,11,99,0.604,34,43,1,265,235,3.23,2.87,18.2,80.7,16,83.2,30.3,26.6,48.4
Seattle Kraken,2022,2023,82,46,28,--,8,100,0.61,37,46,0,289,252,3.52,3.07,19.8,76.7,16.1,79.2,30.5,27,45.3
Seattle Kraken,2021,2022,82,27,49,--,6,60,0.366,23,24,3,213,284,2.6,3.46,14.6,74.9,11.4,78.5,29,28.9,47.7
St. Louis Blues,2000,2001,82,43,22,12,5,103,0.628,37,43,0,249,195,3.04,2.38,18.7,85.4,16.9,89.2,30.4,23.6,51.9
St. Louis Blues,2012,2013,48,29,17,--,2,60,0.625,20,24,5,124,114,2.58,2.38,19.5,84.7,16.1,86.7,27.8,24.2,50.7
St. Louis Blues,2022,2023,82,37,38,--,7,81,0.494,27,34,3,260,298,3.17,3.63,19.3,72.4,13.5,75.6,28.5,32.3,48.5
St. Louis Blues,2006,2007,82,34,35,--,13,81,0.494,24,28,6,208,248,2.54,3.02,12.1,80,9.5,81.6,26.9,28.9,51.1
St. Louis Blues,2008,2009,82,41,31,--,10,92,0.561,31,35,6,227,227,2.77,2.77,20.5,83.8,18.2,86.6,27.7,28.5,49.1
St. Louis Blues,2007,2008,82,33,36,--,13,79,0.482,29,30,3,202,232,2.46,2.83,14.1,84.4,10.2,85.2,26.1,27.4,51.8
St. Louis Blues,2021,2022,82,49,22,--,11,109,0.665,43,47,2,309,239,3.77,2.91,27,84.1,24.9,88.2,30.4,31.6,50.2
St. Louis Blues,2015,2016,82,49,24,--,9,107,0.652,36,44,5,219,197,2.67,2.4,21.5,85.2,19.4,86.6,30.2,29.7,51.3
St. Louis Blues,2018,2019,82,45,28,--,9,99,0.604,36,42,3,244,220,2.98,2.68,21.1,81.5,18.1,83.6,31.8,28.6,51.4
St. Louis Blues,1998,1999,82,37,32,13,--,87,0.53,36,37,0,237,209,2.89,2.55,20.3,87.9,18.9,89.7,30.1,22.8,52.2
St. Louis Blues,2003,2004,82,39,30,11,2,91,0.555,28,39,0,191,198,2.33,2.41,17.9,84.6,14.7,86.5,27.1,25.6,49.9
St. Louis Blues,1999,2000,82,51,19,11,1,114,0.695,46,51,0,248,165,3.02,2.01,17.8,87.8,17,91.6,29.8,22.1,52.1
St. Louis Blues,2020,2021,56,27,20,--,9,63,0.563,19,25,2,167,167,2.98,2.98,23.2,77.8,22.6,81.3,29,29.8,53.3
St. Louis Blues,2011,2012,82,49,22,--,11,109,0.665,42,45,4,206,155,2.51,1.89,16.7,85.8,15.6,88.3,30.6,26.7,50.4
St. Louis Blues,2009,2010,82,40,32,--,10,90,0.549,30,33,7,218,218,2.66,2.66,16.9,86.8,15,88.9,29.8,30.2,48.8
St. Louis Blues,2005,2006,82,21,46,--,15,57,0.348,14,17,4,193,284,2.35,3.46,14.7,82.2,13.1,83.5,28.5,30.6,50.7
St. Louis Blues,2001,2002,82,43,27,8,4,98,0.598,37,43,0,227,188,2.77,2.29,17.4,85.2,15.5,86.5,29,22.5,49.9
St. Louis Blues,2016,2017,82,46,29,--,7,99,0.604,38,44,2,233,216,2.84,2.63,21.3,84.8,19.2,85.9,28.4,28.4,50.3
St. Louis Blues,2010,2011,82,38,33,--,11,87,0.53,31,34,4,236,228,2.88,2.78,18.6,81.7,18.3,84.2,30.2,27.7,47.3
St. Louis Blues,2014,2015,82,51,24,--,7,109,0.665,37,42,9,239,197,2.91,2.4,22.3,83.7,20.3,84.4,30.9,27.2,53.4
St. Louis Blues,2019,2020,71,42,19,--,10,94,0.662,33,40,2,223,190,3.14,2.68,24.3,79.3,21.3,81.8,30.7,29.6,51.6
St. Louis Blues,2013,2014,82,52,23,--,7,111,0.677,40,43,9,239,188,2.91,2.29,19.8,85.7,17.7,87.7,29.3,26.4,51.9
St. Louis Blues,2017,2018,82,44,32,--,6,94,0.573,33,41,3,223,222,2.72,2.71,15.5,79.7,11.8,81.8,32.6,29.7,50.6
St. Louis Blues,2002,2003,82,41,24,11,6,99,0.604,35,41,0,253,222,3.09,2.71,20.5,81.8,18.7,84.6,28.1,25,49
Tampa Bay Lightning,2019,2020,70,43,21,--,6,92,0.657,35,41,2,243,194,3.47,2.77,23.1,81.4,19.8,84,31.1,30.9,50.5
Tampa Bay Lightning,2022,2023,82,46,30,--,6,98,0.598,38,43,3,280,252,3.41,3.07,25.4,79.7,21.4,82.4,32,31.5,51.6
Tampa Bay Lightning,2016,2017,82,42,30,--,10,94,0.573,32,38,4,230,224,2.8,2.73,22.8,81.4,19.9,83,29.9,30.4,47.7
Tampa Bay Lightning,2015,2016,82,46,31,--,5,97,0.591,36,43,3,224,198,2.73,2.41,15.8,84.1,13.3,86.8,29.3,28.9,49.5
Tampa Bay Lightning,2017,2018,82,54,23,--,5,113,0.689,42,48,6,290,234,3.54,2.85,23.9,76.1,22.8,79.5,32.7,32.7,48.2
Tampa Bay Lightning,2020,2021,56,36,17,--,3,75,0.67,29,35,1,180,145,3.21,2.59,22.2,84.2,20.6,85.8,30.2,28.3,50.1
Tampa Bay Lightning,2007,2008,82,31,42,--,9,71,0.433,27,29,2,221,266,2.7,3.24,19.3,82.1,16.9,84.3,28.7,28.2,49.7
Tampa Bay Lightning,2011,2012,82,38,36,--,8,84,0.512,25,35,3,232,278,2.83,3.39,15.2,79.2,10.8,79.9,27.2,30.5,48.6
Tampa Bay Lightning,2012,2013,48,18,26,--,4,40,0.417,16,17,1,147,147,3.06,3.06,19,80.7,16.6,80.7,27.6,30.2,51.2
Tampa Bay Lightning,2018,2019,82,62,16,--,4,128,0.78,49,56,6,319,221,3.89,2.7,28.2,85,27.1,89.5,32,32.1,51.2
Tampa Bay Lightning,2014,2015,82,50,24,--,8,108,0.659,43,47,3,259,206,3.16,2.51,18.8,83.7,16.7,86.4,29.6,27.9,49.7
Tampa Bay Lightning,2000,2001,82,24,47,6,5,59,0.36,22,24,0,201,280,2.45,3.41,12.5,82.9,9.9,85.1,24.6,31.2,46.9
Tampa Bay Lightning,1999,2000,82,19,47,9,7,54,0.329,19,19,0,204,310,2.49,3.78,14,80.7,12.1,83,25.4,30.4,50.4
Tampa Bay Lightning,2009,2010,82,34,36,--,12,80,0.488,25,30,4,213,253,2.6,3.09,19.3,80.1,17.5,80.7,28.9,31.4,51.5
Tampa Bay Lightning,2021,2022,82,51,23,--,8,110,0.671,39,49,2,285,228,3.48,2.78,23.9,80.6,22,83.3,30.9,29.8,50.1
Tampa Bay Lightning,2010,2011,82,46,25,--,11,103,0.628,32,40,6,241,234,2.94,2.85,20.5,83.8,15.8,84.1,31.8,28.7,50.4
Tampa Bay Lightning,2013,2014,82,46,27,--,9,101,0.616,32,38,8,232,209,2.83,2.55,18.5,80.7,15.6,84.4,29.8,29.2,49.2
Tampa Bay Lightning,2008,2009,82,24,40,--,18,66,0.402,19,21,3,207,269,2.52,3.28,17.8,78,15.2,79,28.5,32.9,50.2
Tampa Bay Lightning,2006,2007,82,44,33,--,5,93,0.567,29,34,10,243,259,2.96,3.16,18.5,78.4,15.5,83,29.5,27.2,48.9
Tampa Bay Lightning,2003,2004,82,46,22,8,6,106,0.646,42,46,0,245,192,2.99,2.34,16.2,84.9,15,90.3,30,25.4,50
Tampa Bay Lightning,2002,2003,82,36,25,16,5,93,0.567,34,36,0,219,210,2.67,2.56,17.9,82.6,16.6,84.5,29.2,28,50.2
Tampa Bay Lightning,2001,2002,82,27,40,11,4,69,0.421,23,27,0,178,219,2.17,2.67,14.7,85.4,11.9,87.6,26.6,30.8,47
Tampa Bay Lightning,2005,2006,82,43,33,--,6,92,0.561,31,37,6,246,256,3,3.12,16.7,81.5,14.4,84.4,31.6,27.6,50.1
Tampa Bay Lightning,1998,1999,82,19,54,9,--,47,0.287,18,19,0,179,292,2.18,3.56,13.9,82.4,10.7,85.3,26,32.1,47.1
Toronto Maple Leafs,2011,2012,82,35,37,--,10,80,0.488,26,31,4,227,259,2.77,3.16,18.4,77.3,16.1,79.3,28.3,30.8,51.7
Toronto Maple Leafs,1998,1999,82,45,30,7,--,97,0.591,39,45,0,268,231,3.27,2.82,14.4,80.3,12.8,82.5,28.3,28.8,50
Toronto Maple Leafs,2006,2007,82,40,31,--,11,91,0.555,32,36,4,254,262,3.1,3.2,17.7,78.5,15,79.2,32.7,28.4,51.9
Toronto Maple Leafs,2003,2004,82,45,24,10,3,103,0.628,41,45,0,242,204,2.95,2.49,20.1,83.4,18,85.5,27.5,26.4,52.1
Toronto Maple Leafs,2005,2006,82,41,33,--,8,90,0.549,31,38,3,254,263,3.1,3.21,21.4,80,19,82.9,28.3,30.6,51.6
Toronto Maple Leafs,2002,2003,82,44,28,7,3,98,0.598,37,44,0,236,208,2.88,2.54,17.6,86.9,15.6,89.4,26.3,29.5,50.7
Toronto Maple Leafs,1999,2000,82,45,27,7,3,100,0.61,38,45,0,246,222,3,2.71,17.8,82.4,16.2,85.8,26.4,29.1,50.8
Toronto Maple Leafs,2009,2010,82,30,38,--,14,74,0.451,21,26,4,210,263,2.56,3.21,14,74.7,11.8,76,32.6,29.8,50.8
Toronto Maple Leafs,2001,2002,82,43,25,10,4,100,0.61,40,43,0,249,207,3.04,2.52,15.5,84.5,13.8,87.2,28.5,24.9,51.8
Toronto Maple Leafs,2013,2014,82,38,36,--,8,84,0.512,24,29,9,222,252,2.71,3.07,19.8,78.4,15.1,81,27.9,35.9,48.3
Toronto Maple Leafs,2015,2016,82,29,42,--,11,69,0.421,20,23,6,192,240,2.34,2.93,15.4,81.6,12.4,82.7,30.7,30.5,50.6
Toronto Maple Leafs,2014,2015,82,30,44,--,8,68,0.415,22,25,5,206,257,2.51,3.13,15.9,80.5,11.7,83.1,29.2,33.5,49
Toronto Maple Leafs,2018,2019,82,46,28,--,8,100,0.61,40,46,0,286,249,3.49,3.04,21.8,79.9,17.5,82.4,33.4,33.1,53
Toronto Maple Leafs,2008,2009,82,34,35,--,13,81,0.494,24,28,6,244,286,2.98,3.49,18.8,74.7,16.7,76.6,31.7,30.3,50.1
Toronto Maple Leafs,2000,2001,82,37,29,11,5,90,0.549,34,37,0,232,207,2.83,2.52,16.1,85,13.5,85.5,27.8,27.4,52.8
Toronto Maple Leafs,2019,2020,70,36,25,--,9,81,0.579,28,35,1,237,222,3.39,3.17,23.1,77.7,19.5,80.3,32.9,31.9,52.5
Toronto Maple Leafs,2012,2013,48,26,17,--,5,57,0.594,24,26,0,145,128,3.02,2.67,18.7,87.9,16.3,88.5,26.3,32.3,50.1
Toronto Maple Leafs,2021,2022,82,54,21,--,7,115,0.701,45,51,3,312,252,3.8,3.07,27.3,82.1,25.5,87.6,34.6,30.6,55.1
Toronto Maple Leafs,2010,2011,82,37,34,--,11,85,0.518,30,32,5,213,245,2.6,2.99,16,77.5,13.5,79.3,28.8,31,50.5
Toronto Maple Leafs,2017,2018,82,49,26,--,7,105,0.64,37,42,7,270,230,3.29,2.8,25,81.4,22.8,83.1,32.2,33.9,51.8
Toronto Maple Leafs,2022,2023,82,50,21,--,11,111,0.677,42,49,1,278,220,3.39,2.68,26,81.9,22.8,85.1,32,29.5,53.1
Toronto Maple Leafs,2020,2021,56,35,14,--,7,77,0.688,29,34,1,186,148,3.32,2.64,20,78.5,15.5,80.6,31.3,27.8,51.1
Toronto Maple Leafs,2016,2017,82,40,27,--,15,95,0.579,33,39,1,250,234,3.05,2.85,23.8,82.5,20.9,84.9,31.9,32.6,49.9
Toronto Maple Leafs,2007,2008,82,36,35,--,11,83,0.506,28,33,3,228,256,2.78,3.12,17.8,78.1,14.9,79.3,31,29.3,49.8
Vancouver Canucks,2018,2019,82,35,36,--,11,81,0.494,22,29,6,219,248,2.67,3.02,17.1,81.1,13.9,83.9,29.7,31.7,49.5
Vancouver Canucks,2015,2016,82,31,38,--,13,75,0.457,22,26,5,186,239,2.27,2.91,15.8,81.1,12.6,82.7,28.2,32.5,45.4
Vancouver Canucks,2000,2001,82,36,28,11,7,90,0.549,31,36,0,239,238,2.91,2.9,17.1,80.9,14.4,84,29.7,25.9,46.9
Vancouver Canucks,2002,2003,82,45,23,13,1,104,0.634,40,45,0,264,208,3.22,2.54,20.7,84.1,18.3,87.2,29.1,26.6,49.8
Vancouver Canucks,2006,2007,82,49,26,--,7,105,0.64,32,44,5,217,197,2.65,2.4,17.2,86.9,15.2,88.1,29.3,29.2,49.2
Vancouver Canucks,2008,2009,82,45,27,--,10,100,0.61,37,42,3,243,213,2.96,2.6,18.8,81.4,17.4,83.3,28.5,29.2,51.9
Vancouver Canucks,1999,2000,82,30,29,15,8,83,0.506,26,30,0,227,237,2.77,2.89,15.8,80.4,13.6,83.2,26.7,28,49.8
Vancouver Canucks,2021,2022,82,40,30,--,12,92,0.561,32,37,3,246,231,3,2.82,23.5,74.9,21.1,77.1,32,31.9,52
Vancouver Canucks,1998,1999,82,23,47,12,--,58,0.354,23,23,0,192,258,2.34,3.15,15.9,82.9,13.4,86.7,23.7,29.4,50.2
Vancouver Canucks,2020,2021,56,23,29,--,4,50,0.446,17,20,3,148,187,2.64,3.34,17.4,79.8,14.8,83.1,29.1,33.4,52.3
Vancouver Canucks,2017,2018,82,31,40,--,11,73,0.445,25,31,0,218,259,2.66,3.16,21.5,78.3,17.4,80.8,30,32.2,49.5
Vancouver Canucks,2001,2002,82,42,30,7,3,94,0.573,38,42,0,254,211,3.1,2.57,18.6,85.2,16.1,86,28.4,25.4,50.7
Vancouver Canucks,2016,2017,82,30,43,--,9,69,0.421,19,26,4,178,241,2.17,2.94,14.1,76.7,11.5,77.6,27.7,31.8,51.2
Vancouver Canucks,2011,2012,82,51,22,--,9,111,0.677,36,43,8,241,191,2.94,2.33,19.8,86,18.4,88.5,31.5,30.8,52.2
Vancouver Canucks,2007,2008,82,39,33,--,10,88,0.537,29,33,6,207,206,2.52,2.51,17.1,82.6,15.2,84.8,27.5,28.9,48.7
Vancouver Canucks,2003,2004,82,43,24,10,5,101,0.616,32,43,0,235,194,2.87,2.37,15,86,12.8,87.4,29,26.6,51.2
Vancouver Canucks,2010,2011,82,54,19,--,9,117,0.713,46,50,4,258,180,3.15,2.2,24.3,85.6,23.7,87.5,32,30.1,54.9
Vancouver Canucks,2014,2015,82,48,29,--,5,101,0.616,36,42,6,236,220,2.88,2.68,19.3,85.7,18.5,88,29.9,29.8,46.7
Vancouver Canucks,2022,2023,82,38,37,--,7,83,0.506,24,32,6,270,296,3.29,3.61,22.7,71.6,17.6,77.8,29.7,30.8,49.5
Vancouver Canucks,2005,2006,82,42,32,--,8,92,0.561,34,38,4,252,251,3.07,3.06,18.3,81.8,16.4,83,28.8,30.1,48.1
Vancouver Canucks,2019,2020,69,36,27,--,6,78,0.565,27,32,4,224,214,3.25,3.1,24.2,80.5,22.5,82.8,31.2,33.3,54
Vancouver Canucks,2013,2014,82,36,35,--,11,83,0.506,25,31,5,191,216,2.33,2.63,15.2,83.2,13.6,85.4,30.8,28.4,51.4
Vancouver Canucks,2009,2010,82,49,28,--,5,103,0.628,41,45,4,268,218,3.27,2.66,20.9,81.6,19.1,84.4,30.9,29.5,51.4
Vancouver Canucks,2012,2013,48,26,15,--,7,59,0.615,20,21,5,122,115,2.54,2.4,15.8,84,13.9,85.2,28.1,28.9,47.6
Vegas Golden Knights,2017,2018,82,51,24,--,7,109,0.665,39,47,4,268,225,3.27,2.74,21,81.4,19,84.8,32.8,30.7,48.9
Vegas Golden Knights,2018,2019,82,43,32,--,7,93,0.567,36,40,3,246,228,3,2.78,16.8,80.9,16,85.7,34.3,29.3,50.4
Vegas Golden Knights,2020,2021,56,40,14,--,2,82,0.732,30,39,1,190,122,3.39,2.18,17.8,86.8,16.7,89.6,32.7,27.3,49.5
Vegas Golden Knights,2022,2023,82,51,22,--,9,111,0.677,38,46,5,267,225,3.26,2.74,20.3,77.4,18.4,82.6,31.5,30.9,52.3
Vegas Golden Knights,2021,2022,82,43,31,--,8,94,0.573,34,39,4,262,244,3.2,2.98,18.4,77.4,15.1,82.2,34.5,30,49.3
Vegas Golden Knights,2019,2020,71,39,24,--,8,86,0.606,30,36,3,224,209,3.15,2.94,22,76.6,20.4,80.8,34.5,29.3,50
Washington Capitals,2017,2018,82,49,26,--,7,105,0.64,38,46,3,256,238,3.12,2.9,22.5,80.3,19.3,81.8,29,31.9,50.4
Washington Capitals,2006,2007,82,28,40,--,14,70,0.427,23,27,1,234,275,2.85,3.35,16.4,80.2,13,83.1,28,33.3,49.8
Washington Capitals,2001,2002,82,36,33,11,2,85,0.518,30,36,0,228,240,2.78,2.93,19.4,82.2,16.7,82.8,28,28.7,53.3
Washington Capitals,1998,1999,82,31,45,6,--,68,0.415,29,31,0,200,218,2.44,2.66,17.3,84.4,15,86.7,29,26.1,53.4
Washington Capitals,2005,2006,82,29,41,--,12,70,0.427,20,22,7,230,300,2.8,3.66,14.7,78.9,11,81.6,29.8,35.1,50.4
Washington Capitals,2010,2011,82,48,23,--,11,107,0.652,34,43,5,219,191,2.67,2.33,17.5,85.6,15.6,88,31.3,29,51.7
Washington Capitals,2011,2012,82,42,32,--,8,92,0.561,31,38,4,218,226,2.66,2.76,16.7,81.6,12.7,82.7,28,30.2,50
Washington Capitals,2009,2010,82,54,15,--,13,121,0.738,43,49,5,313,227,3.82,2.77,25.2,78.8,22.7,80.1,32.8,30.9,51.5
Washington Capitals,2021,2022,82,44,26,--,12,100,0.61,35,39,5,270,242,3.29,2.95,18.8,80.4,15.2,84,31.4,29,47.1
Washington Capitals,2012,2013,48,27,18,--,3,57,0.594,20,24,3,146,130,3.04,2.71,26.8,77.9,24.4,79.8,28.1,32.3,50.8
Washington Capitals,2002,2003,82,39,29,8,6,92,0.561,33,39,0,224,220,2.73,2.68,17.2,81.3,16,83.3,27.1,29.9,49.2
Washington Capitals,2016,2017,82,55,19,--,8,118,0.72,45,53,2,261,177,3.18,2.16,23.1,83.8,21.9,85.7,30.4,27.8,49.8
Washington Capitals,2003,2004,82,23,46,10,3,59,0.36,22,23,0,186,253,2.27,3.09,19.2,81.3,17.7,82.3,23.7,31.5,49
Washington Capitals,2014,2015,82,45,26,--,11,101,0.616,35,40,5,237,199,2.89,2.43,25.3,81.2,23.6,82.7,29.5,28.9,51.3
Washington Capitals,2020,2021,56,36,15,--,5,77,0.688,29,33,3,188,161,3.36,2.88,24.8,84,19.6,85.2,29.4,28.8,49.2
Washington Capitals,2007,2008,82,43,31,--,8,94,0.573,32,39,4,238,227,2.9,2.77,18.8,80.5,16.5,82,31,27.5,51.2
Washington Capitals,2018,2019,82,48,26,--,8,104,0.634,39,44,4,274,248,3.34,3.02,20.8,78.9,18.6,80.8,30.4,31.5,45.7
Washington Capitals,2019,2020,69,41,20,--,8,90,0.652,31,37,4,236,212,3.42,3.07,19.4,82.6,15.3,85.1,32,30.2,48.3
Washington Capitals,2008,2009,82,50,24,--,8,108,0.659,40,46,4,268,240,3.27,2.93,25.2,80.6,22,82.4,33.5,29.5,51.7
Washington Capitals,1999,2000,82,44,24,12,2,102,0.622,39,44,0,227,194,2.77,2.37,15,86.2,13.9,88.9,27.7,27.7,53.3
Washington Capitals,2015,2016,82,56,18,--,8,120,0.732,45,52,4,248,191,3.02,2.33,21.9,85.2,19.9,85.9,30.6,28.4,49.6
Washington Capitals,2022,2023,82,35,37,--,10,80,0.488,27,33,2,253,261,3.09,3.18,21.2,81.9,18,83.6,31.1,31.1,49.5
Washington Capitals,2013,2014,82,38,30,--,14,90,0.549,24,28,10,225,229,2.74,2.79,23.4,82,19.9,83.8,29.4,33.5,48.4
Washington Capitals,2000,2001,82,41,27,10,4,96,0.585,39,41,0,233,211,2.84,2.57,21.3,84.1,19.3,85.7,28.6,27.7,55.2
Winnipeg Jets,2022,2023,82,46,33,--,3,95,0.579,36,45,1,246,224,3,2.73,19.3,82.4,17,85.4,30.3,30.3,48.9
Winnipeg Jets,2020,2021,56,30,23,--,3,63,0.563,24,30,0,170,152,3.04,2.71,23,80.5,21.1,82.6,29.7,30.6,50.5
Winnipeg Jets,2014,2015,82,43,26,--,13,99,0.604,32,36,7,223,204,2.72,2.49,17.8,81.8,16,85.1,29.7,28.7,48.9
Winnipeg Jets,2017,2018,82,52,20,--,10,114,0.695,43,48,4,273,216,3.33,2.63,23.4,81.8,20.8,85,32.2,31.9,52.4
Winnipeg Jets,2019,2020,71,37,28,--,6,80,0.563,30,34,3,213,201,3,2.83,20.5,77.6,19,81,31.3,32.6,50.1
Winnipeg Jets,2016,2017,82,40,35,--,7,87,0.53,33,37,3,246,255,3,3.11,18.2,77.5,14.8,81.1,29.9,31,48.5
Winnipeg Jets,2011,2012,82,37,35,--,10,84,0.512,27,33,4,221,242,2.7,2.95,17.9,80.1,14.7,81.2,30.1,30.1,49
Winnipeg Jets,2012,2013,48,24,21,--,3,51,0.531,18,22,2,126,141,2.63,2.94,13.8,79.7,11.7,80.4,28.9,29.7,48.9
Winnipeg Jets,2015,2016,82,35,39,--,8,78,0.476,29,32,3,212,236,2.59,2.88,14.8,78.4,13.2,81.9,29.6,29.5,46.7
Winnipeg Jets,2013,2014,82,37,35,--,10,84,0.512,24,29,8,219,231,2.67,2.82,15.4,83.2,13.1,84.9,30.7,30.1,46.9
Winnipeg Jets,2021,2022,82,39,32,--,11,89,0.543,32,37,2,250,253,3.05,3.09,21.1,75,17.8,78.9,32.3,33.2,50.7
Winnipeg Jets,2018,2019,82,47,30,--,5,99,0.604,38,45,2,270,243,3.29,2.96,24.8,79.2,22,83.2,31.2,33.4,50.7
