year,name,Pass Yds,Yds/Att,Att,Cmp,Cmp %,TD,INT,Rate,1st,1st%,20+,40+,Lng,Sck,SckY,cap_hit,team
2020,Deshaun Watson,4823,8.9,544,382,70.2,33,7,112.4,221,40.6,69,11,77,49,293,9808207,houston-texans
2020,Patrick Mahomes,4740,8.1,588,390,66.3,38,6,108.2,238,40.5,67,8,75,22,147,5346508,kansas-city-chiefs
2020,Tom Brady,4633,7.6,610,401,65.7,40,12,102.2,233,38.2,63,12,50,21,143,25000000,tampa-bay-buccaneers
2020,Matt Ryan,4581,7.3,626,407,65.0,26,11,93.3,242,38.7,58,8,63,41,257,18962500,atlanta-falcons
2020,Josh Allen,4544,7.9,572,396,69.2,37,10,107.2,228,39.9,62,8,55,26,159,5867191,buffalo-bills
2020,Justin Herbert,4336,7.3,595,396,66.6,31,10,98.3,216,36.3,51,10,72,32,218,4832501,los-angeles-chargers
2020,Aaron Rodgers,4299,8.2,526,372,70.7,48,5,121.5,216,41.1,57,14,78,20,182,21642000,green-bay-packers
2020,Kirk Cousins,4265,8.3,516,349,67.6,35,13,105.0,212,41.1,58,7,71,39,256,21000000,minnesota-vikings
2020,Russell Wilson,4212,7.6,558,384,68.8,40,13,105.1,213,38.2,45,11,62,47,301,31000000,seattle-seahawks
2020,Philip Rivers,4169,7.7,543,369,68.0,24,11,97.0,200,36.8,56,8,55,19,118,25000000,indianapolis-colts
2020,Derek Carr,4103,7.9,517,348,67.3,27,9,101.4,193,37.3,54,12,85,26,150,21500000,las-vegas-raiders
2020,Matthew Stafford,4084,7.7,528,339,64.2,26,10,96.3,205,38.8,54,8,73,38,254,21300000,detroit-lions
2020,Kyler Murray,3971,7.1,558,375,67.2,26,12,94.3,205,36.7,44,14,80,27,176,8080601,arizona-cardinals
2020,Jared Goff,3952,7.2,552,370,67.0,20,13,90.0,194,35.1,47,6,56,23,161,28842682,los-angeles-rams
2020,Ryan Tannehill,3819,7.9,481,315,65.5,33,7,106.5,202,42.0,44,13,75,24,173,22500000,tennessee-titans
2020,Ben Roethlisberger,3803,6.2,608,399,65.6,33,10,94.1,193,31.7,43,4,84,13,118,23750000,pittsburgh-steelers
2020,Teddy Bridgewater,3733,7.6,492,340,69.1,15,11,92.1,174,35.4,49,8,75,31,205,13953125,carolina-panthers
2020,Baker Mayfield,3563,7.3,486,305,62.8,26,8,95.9,188,38.7,43,5,75,26,162,9003540,cleveland-browns
2020,Daniel Jones,2943,6.6,448,280,62.5,11,10,80.4,158,35.3,31,5,53,45,286,5922740,new-york-giants
2020,Drew Brees,2942,7.5,390,275,70.5,24,6,106.4,149,38.2,31,8,52,13,89,23650000,new-orleans-saints
2020,Drew Lock,2933,6.6,443,254,57.3,16,15,75.4,145,32.7,38,8,92,19,123,1593368,denver-broncos
2020,Lamar Jackson,2757,7.3,376,242,64.4,26,9,99.4,138,36.7,37,4,47,29,160,2583176,baltimore-ravens
2020,Cam Newton,2657,7.2,368,242,65.8,8,10,82.9,133,36.1,31,3,50,31,195,1137500,new-england-patriots
2020,Carson Wentz,2620,6.0,437,251,57.4,16,15,72.8,130,29.8,27,6,59,50,326,18656536,philadelphia-eagles
2020,Gardner Minshew,2259,6.9,327,216,66.1,16,5,95.8,117,35.8,27,3,51,27,147,897721,jacksonville-jaguars
2020,Sam Darnold,2208,6.1,364,217,59.6,9,11,72.7,109,30.0,27,2,69,35,234,8339374,new-york-jets
2020,Andy Dalton,2170,6.5,333,216,64.9,14,8,87.3,116,34.8,20,5,69,24,184,3000000,dallas-cowboys
2020,Ryan Fitzpatrick,2091,7.8,267,183,68.5,13,8,95.6,106,39.7,24,4,70,14,65,8000000,miami-dolphins
2020,Mitchell Trubisky,2055,6.9,297,199,67.0,16,8,93.5,124,41.8,18,1,53,18,125,9327591,chicago-bears
2020,Nick Foles,1852,5.9,312,202,64.7,10,8,80.8,93,29.8,24,2,50,18,145,6666666,chicago-bears
2020,Tua Tagovailoa,1814,6.3,290,186,64.1,11,5,87.0,100,34.5,15,0,35,20,136,5504625,miami-dolphins
2020,Alex Smith,1582,6.3,252,168,66.7,6,8,78.5,74,29.4,16,3,68,22,139,21400000,washington-football-team
2020,Mike Glennon,1072,6.0,179,111,62.0,7,5,80.1,57,31.8,13,1,46,9,53,1161719,jacksonville-jaguars
2020,Jalen Hurts,1061,7.2,148,77,52.0,6,4,77.6,45,30.4,16,3,81,13,59,1095486,philadelphia-eagles
2020,Taysom Hill,928,7.7,121,88,72.7,4,2,98.8,45,37.2,13,1,44,14,87,4841000,new-orleans-saints
2020,Brandon Allen,925,6.5,142,90,63.4,5,4,82.0,42,29.6,10,2,72,7,51,339703,cincinnati-bengals
2020,Joe Flacco,864,6.4,134,74,55.2,6,3,80.6,36,26.9,11,3,52,7,69,1275000,new-york-jets
2020,C.J. Beathard,787,7.6,104,66,63.5,6,0,105.7,42,40.4,12,3,49,9,71,1122751,san-francisco-49ers
2020,Jake Luton,624,5.7,110,60,54.6,2,6,54.5,31,28.2,5,1,73,7,52,655437,jacksonville-jaguars
2020,Jeff Driskel,432,6.8,64,35,54.7,3,2,78.4,18,28.1,6,1,45,11,98,1750000,denver-broncos
2020,Colt McCoy,375,5.7,66,40,60.6,1,1,75.0,19,28.8,5,0,35,5,24,2250000,new-york-giants
2020,Mason Rudolph,324,7.5,43,25,58.1,2,1,87.7,13,30.2,5,3,47,1,8,1069620,pittsburgh-steelers
2020,Brett Rypien,295,7.4,40,27,67.5,2,4,66.2,12,30.0,5,2,48,1,0,595590,denver-broncos
2020,Chase Daniel,264,6.1,43,29,67.4,1,2,72.2,14,32.6,3,0,28,3,29,2000000,detroit-lions
2020,Jarrett Stidham,256,5.8,44,22,50.0,2,3,54.7,12,27.3,4,0,38,4,21,833423,new-england-patriots
2020,Chad Henne,248,6.5,38,28,73.7,2,0,108.2,15,39.5,2,0,37,2,4,1625000,kansas-city-chiefs
2020,Garrett Gilbert,243,6.4,38,21,55.3,1,1,72.6,10,26.3,4,0,32,2,23,529411,dallas-cowboys
2020,John Wolford,231,6.1,38,22,57.9,0,1,64.7,12,31.6,3,0,38,2,8,685000,los-angeles-rams
2020,Marcus Mariota,226,8.1,28,17,60.7,1,1,83.3,11,39.3,4,0,35,0,0,9125000,las-vegas-raiders
2020,Ben DiNucci,219,5.1,43,23,53.5,0,0,67.9,11,25.6,1,0,32,7,73,633787,dallas-cowboys
2020,Tyrod Taylor,208,6.9,30,16,53.3,0,0,75.4,10,33.3,3,0,37,2,1,7500000,los-angeles-chargers
2020,Matt Barkley,197,9.4,21,11,52.4,1,1,80.8,9,42.9,3,2,56,1,7,2025000,buffalo-bills
2020,Ryan Finley,164,5.1,32,17,53.1,1,2,52.1,8,25.0,2,0,30,9,63,872414,cincinnati-bengals
2020,Blaine Gabbert,143,8.9,16,9,56.2,2,0,125.8,5,31.2,4,0,35,1,7,887500,tampa-bay-buccaneers
2020,Taylor Heinicke,137,7.2,19,12,63.2,1,0,102.3,6,31.6,2,0,29,1,7,132354,washington-football-team
2020,Brian Hoyer,130,5.4,24,15,62.5,0,1,59.4,8,33.3,1,0,25,2,18,750000,new-england-patriots
2020,Chris Streveler,105,6.6,16,11,68.8,1,1,81.5,5,31.2,0,0,19,2,10,610000,arizona-cardinals
2020,Jameis Winston,75,6.8,11,7,63.6,0,0,83.5,5,45.4,0,0,19,2,11,2860000,new-orleans-saints
2019,Jameis Winston,5109,8.2,626,380,60.7,33,30,84.3,243,38.8,75,13,71,47,282,20922000,tampa-bay-buccaneers
2019,Dak Prescott,4902,8.2,596,388,65.1,30,11,99.7,229,38.4,68,16,62,23,151,2120849,dallas-cowboys
2019,Jared Goff,4638,7.4,626,394,62.9,22,16,86.5,220,35.1,72,6,66,22,170,10629577,los-angeles-rams
2019,Philip Rivers,4615,7.8,591,390,66.0,23,20,88.5,217,36.7,57,12,84,34,222,23000000,los-angeles-chargers
2019,Matt Ryan,4466,7.2,616,408,66.2,26,14,92.1,228,37.0,47,5,93,48,316,15800000,atlanta-falcons
2019,Russell Wilson,4110,8.0,516,341,66.1,31,5,106.3,190,36.8,55,10,60,48,319,26286668,seattle-seahawks
2019,Tom Brady,4057,6.6,613,373,60.8,24,8,88.0,193,31.5,60,6,59,27,185,21500000,new-england-patriots
2019,Derek Carr,4054,7.9,513,361,70.4,21,8,100.8,191,37.2,54,10,75,29,184,22500000,oakland-raiders
2019,Carson Wentz,4039,6.6,607,388,63.9,27,7,93.1,213,35.1,52,6,53,37,230,8393782,philadelphia-eagles
2019,Patrick Mahomes,4031,8.3,484,319,65.9,26,5,105.3,176,36.4,50,15,83,17,127,4479776,kansas-city-chiefs
2019,Aaron Rodgers,4002,7.0,569,353,62.0,26,4,95.4,189,33.2,52,12,74,36,284,29672000,green-bay-packers
2019,Jimmy Garoppolo,3978,8.4,476,329,69.1,27,13,102.0,193,40.6,61,8,75,36,237,20000000,san-francisco-49ers
2019,Deshaun Watson,3852,7.8,495,333,67.3,26,12,98.0,191,38.6,47,10,54,44,257,3778440,houston-texans
2019,Baker Mayfield,3827,7.2,534,317,59.4,22,21,78.8,179,33.5,57,9,89,40,285,7427950,cleveland-browns
2019,Kyler Murray,3722,6.9,542,349,64.4,20,12,87.4,173,31.9,47,10,88,48,309,6392481,arizona-cardinals
2019,Kirk Cousins,3603,8.1,444,307,69.1,26,6,107.4,165,37.2,52,11,66,28,206,29000000,minnesota-vikings
2019,Ryan Fitzpatrick,3529,7.0,502,311,62.0,20,13,85.5,182,36.2,43,6,51,40,209,5500000,miami-dolphins
2019,Andy Dalton,3494,6.6,528,314,59.5,16,14,78.3,170,32.2,41,6,66,37,249,16200000,cincinnati-bengals
2019,Kyle Allen,3322,6.8,489,303,62.0,17,16,80.0,188,38.4,35,5,52,46,397,495000,carolina-panthers
2019,Gardner Minshew,3271,7.0,470,285,60.6,21,6,91.2,150,31.9,43,6,70,33,184,542721,jacksonville-jaguars
2019,Mitchell Trubisky,3138,6.1,516,326,63.2,17,10,83.0,156,30.2,35,2,53,38,234,7917933,chicago-bears
2019,Lamar Jackson,3127,7.8,401,265,66.1,36,6,113.3,161,40.2,42,8,83,23,106,2152646,baltimore-ravens
2019,Josh Allen,3089,6.7,461,271,58.8,20,9,85.3,146,31.7,47,7,53,38,237,4814326,buffalo-bills
2019,Daniel Jones,3027,6.6,459,284,61.9,24,12,87.7,140,30.5,39,7,75,38,295,4666192,new-york-giants
2019,Sam Darnold,3024,6.9,441,273,61.9,19,13,84.3,147,33.3,40,6,92,33,212,6874479,new-york-jets
2019,Drew Brees,2979,7.9,378,281,74.3,27,4,116.3,159,42.1,37,7,61,12,89,22700000,new-orleans-saints
2019,Jacoby Brissett,2942,6.6,447,272,60.8,18,6,88.0,143,32.0,32,3,50,27,159,9407500,indianapolis-colts
2019,Ryan Tannehill,2742,9.6,286,201,70.3,22,6,117.5,126,44.1,41,9,91,31,212,5425000,tennessee-titans
2019,Case Keenum,1707,6.9,247,160,64.8,11,5,91.3,83,33.6,18,3,69,15,145,3500000,washington-redskins
2019,Teddy Bridgewater,1384,7.1,196,133,67.9,9,2,99.1,67,34.2,16,2,45,12,89,3250000,new-orleans-saints
2019,Dwayne Haskins,1365,6.7,203,119,58.6,7,7,76.1,65,32.0,19,3,75,29,204,2621202,washington-redskins
2019,Marcus Mariota,1203,7.5,160,95,59.4,7,2,92.3,50,31.2,17,6,75,25,162,20922000,tennessee-titans
2019,Devlin Hodges,1063,6.6,160,100,62.5,5,8,71.4,51,31.9,11,2,79,15,102,436764,pittsburgh-steelers
2019,Eli Manning,1042,7.1,147,91,61.9,6,5,82.6,47,32.0,15,4,55,5,44,23200000,new-york-giants
2019,Drew Lock,1020,6.5,156,100,64.1,7,3,89.7,54,34.6,13,2,48,5,26,1274694,denver-broncos
2019,David Blough,984,5.7,174,94,54.0,4,6,64.0,47,27.0,10,4,75,14,104,495000,detroit-lions
2019,Nick Foles,736,6.3,117,77,65.8,3,2,84.6,31,26.5,10,0,39,8,60,11750000,jacksonville-jaguars
2019,Matt Moore,659,7.2,91,59,64.8,4,0,100.9,35,38.5,9,3,57,8,65,645000,kansas-city-chiefs
2019,Matt Schaub,580,8.7,67,50,74.6,3,1,109.0,30,44.8,5,0,35,2,19,1405000,atlanta-falcons
2019,Josh Rosen,567,5.2,109,58,53.2,1,5,52.0,26,23.8,5,1,40,16,93,1279898,miami-dolphins
2019,Brandon Allen,515,6.1,84,39,46.4,3,2,68.3,20,23.8,8,3,75,9,59,645000,denver-broncos
2019,Ryan Finley,474,5.4,87,41,47.1,2,2,62.1,20,23.0,6,1,47,11,93,692414,cincinnati-bengals
2019,Chase Daniel,435,6.8,64,45,70.3,3,2,91.6,22,34.4,4,0,37,7,48,6000000,chicago-bears
2019,Brian Hoyer,372,5.7,65,35,53.8,4,4,65.7,22,33.8,6,0,23,5,47,3000000,indianapolis-colts
2019,Matt Barkley,359,7.0,51,27,52.9,0,3,51.0,15,29.4,6,1,41,2,10,1775000,buffalo-bills
2019,Will Grier,228,4.4,52,28,53.8,0,4,33.2,12,23.1,1,0,28,6,44,700545,carolina-panthers
2019,Robert Griffin III,225,5.9,38,23,60.5,1,2,64.0,10,26.3,2,0,39,5,19,1500000,baltimore-ravens
2019,Sean Mannion,126,6.0,21,12,57.1,0,2,35.1,6,28.6,1,0,35,0,0,735000,minnesota-vikings
2019,Colt McCoy,122,4.5,27,18,66.7,0,1,61.0,5,18.5,1,0,22,6,44,3093750,washington-redskins
2018,Ben Roethlisberger,5129,7.6,675,452,67.0,34,16,96.5,248,36.7,61,16,97,24,166,23200000,pittsburgh-steelers
2018,Patrick Mahomes,5097,8.8,580,383,66.0,50,12,113.8,237,40.9,75,15,89,26,171,3733141,kansas-city-chiefs
2018,Matt Ryan,4924,8.1,608,422,69.4,35,7,108.1,236,38.8,56,9,75,42,296,17700000,atlanta-falcons
2018,Jared Goff,4688,8.4,561,364,64.9,32,12,101.1,233,41.5,69,9,70,33,223,7619365,los-angeles-rams
2018,Andrew Luck,4593,7.2,639,430,67.3,39,15,98.7,236,36.9,53,7,68,18,134,24400000,indianapolis-colts
2018,Aaron Rodgers,4442,7.4,597,372,62.3,25,2,97.6,200,33.5,55,16,75,49,353,20900000,green-bay-packers
2018,Tom Brady,4355,7.6,570,375,65.8,29,11,97.7,205,36.0,53,8,63,21,147,22000000,new-england-patriots
2018,Philip Rivers,4308,8.5,508,347,68.3,32,12,105.5,213,41.9,60,10,75,32,204,22000000,los-angeles-chargers
2018,Eli Manning,4299,7.5,576,380,66.0,21,11,92.4,206,35.8,57,10,58,47,358,22200000,new-york-giants
2018,Kirk Cousins,4298,7.1,606,425,70.1,30,10,99.7,218,36.0,47,7,75,40,262,24000000,minnesota-vikings
2018,Deshaun Watson,4165,8.2,505,345,68.3,26,9,103.1,202,40.0,51,8,73,62,384,3148700,houston-texans
2018,Derek Carr,4049,7.3,553,381,68.9,19,10,93.9,197,35.6,52,7,66,51,299,25000000,oakland-raiders
2018,Drew Brees,3992,8.2,489,364,74.4,32,5,115.7,199,40.7,58,6,72,17,121,24000000,new-orleans-saints
2018,Case Keenum,3890,6.6,586,365,62.3,18,15,81.2,179,30.6,52,11,64,34,235,15000000,denver-broncos
2018,Dak Prescott,3885,7.4,526,356,67.7,22,8,96.9,184,35.0,39,9,90,56,347,725848,dallas-cowboys
2018,Matthew Stafford,3777,6.8,555,367,66.1,21,11,89.9,198,35.7,44,6,67,40,255,26500000,detroit-lions
2018,Baker Mayfield,3725,7.7,486,310,63.8,27,14,93.7,171,35.2,52,9,71,25,173,5942360,cleveland-browns
2018,Russell Wilson,3448,8.1,427,280,65.6,35,7,110.9,156,36.5,47,13,66,51,355,23786666,seattle-seahawks
2018,Cam Newton,3395,7.2,471,320,67.9,24,13,94.2,180,38.2,44,3,82,29,213,21500000,carolina-panthers
2018,Mitchell Trubisky,3223,7.4,434,289,66.6,24,12,95.4,151,34.8,40,10,70,24,143,6598278,chicago-bears
2018,Carson Wentz,3074,7.7,401,279,69.6,21,7,102.2,159,39.6,37,5,58,31,202,7275365,philadelphia-eagles
2018,Jameis Winston,2992,7.9,378,244,64.6,19,14,90.2,152,40.2,34,6,64,27,157,7941903,tampa-bay-buccaneers
2018,Sam Darnold,2865,6.9,414,239,57.7,17,15,77.6,130,31.4,40,4,76,30,204,5499584,new-york-jets
2018,Blake Bortles,2718,6.7,403,243,60.3,13,11,79.8,128,31.8,36,3,80,31,173,10000000,jacksonville-jaguars
2018,Marcus Mariota,2528,7.6,331,228,68.9,11,8,92.3,121,36.6,31,5,61,42,243,7704446,tennessee-titans
2018,Joe Flacco,2465,6.5,379,232,61.2,12,6,84.2,122,32.2,29,4,71,16,79,24750000,baltimore-ravens
2018,Ryan Fitzpatrick,2366,9.6,246,164,66.7,17,12,100.4,113,45.9,37,8,75,14,76,3300000,tampa-bay-buccaneers
2018,Josh Rosen,2278,5.8,393,217,55.2,11,14,66.7,112,28.5,23,4,75,45,320,3199592,arizona-cardinals
2018,Nick Mullens,2277,8.3,274,176,64.2,13,10,90.8,106,38.7,35,7,85,17,127,395290,san-francisco-49ers
2018,Josh Allen,2074,6.5,320,169,52.8,10,12,67.9,89,27.8,30,5,75,28,213,3851461,buffalo-bills
2018,Ryan Tannehill,1979,7.2,274,176,64.2,17,9,92.7,92,33.6,19,5,75,35,279,8676666,miami-dolphins
2018,Nick Foles,1413,7.2,195,141,72.3,7,4,96.0,60,30.8,14,4,83,9,47,13600000,philadelphia-eagles
2018,C.J. Beathard,1252,7.4,169,102,60.4,8,7,81.8,60,35.5,17,4,82,18,156,801965,san-francisco-49ers
2018,Brock Osweiler,1247,7.0,178,113,63.5,6,4,86.0,58,32.6,13,3,75,17,130,720000,miami-dolphins
2018,Lamar Jackson,1201,7.1,170,99,58.2,6,3,84.5,60,35.3,13,2,74,16,71,1722117,baltimore-ravens
2018,Jeff Driskel,1003,5.7,176,105,59.7,6,2,82.2,50,28.4,15,0,37,16,122,630000,cincinnati-bengals
2018,Cody Kessler,709,5.4,131,85,64.9,2,2,77.4,35,26.7,5,0,35,22,149,758098,jacksonville-jaguars
2018,Blaine Gabbert,626,6.2,101,61,60.4,4,4,74.9,32,31.7,4,0,35,5,37,2000000,tennessee-titans
2018,Josh Johnson,590,6.5,91,52,57.1,3,4,69.4,29,31.9,7,1,79,9,67,148235,washington-redskins
2018,Josh McCown,539,4.9,110,60,54.6,1,4,55.8,27,24.6,4,1,41,7,35,10000000,new-york-jets
2018,Chase Daniel,515,6.8,76,53,69.7,3,2,90.6,24,31.6,6,1,46,9,40,4000000,chicago-bears
2018,Tyrod Taylor,473,5.6,85,42,49.4,2,2,64.5,17,20.0,7,1,47,13,81,16000000,cleveland-browns
2018,Derek Anderson,465,6.6,70,42,60.0,0,4,56.0,22,31.4,6,1,40,5,33,503236,buffalo-bills
2018,Kyle Allen,266,8.6,31,20,64.5,2,0,113.1,11,35.5,4,1,53,0,0,56470,carolina-panthers
2018,Matt Barkley,232,9.3,25,15,60.0,2,0,117.4,12,48.0,4,2,47,1,8,618235,buffalo-bills
2018,DeShone Kizer,187,4.4,42,20,47.6,0,2,40.5,8,19.0,2,0,29,4,38,689928,green-bay-packers
2018,Mike Glennon,174,8.3,21,15,71.4,1,0,112.0,8,38.1,1,0,26,1,8,2000000,arizona-cardinals
2018,Mark Sanchez,138,3.9,35,19,54.3,0,3,28.0,3,8.6,1,0,20,7,42,222354,washington-redskins
2018,Teddy Bridgewater,118,5.1,23,14,60.9,1,1,70.6,8,34.8,0,0,18,2,8,2290000,new-orleans-saints
2017,Tom Brady,4577,7.9,581,385,66.3,32,8,102.8,230,39.6,62,10,64,35,201,14000000,new-england-patriots
2017,Philip Rivers,4515,7.8,575,360,62.6,28,10,96.0,216,37.6,61,12,75,18,120,18000000,los-angeles-chargers
2017,Matthew Stafford,4446,7.9,565,371,65.7,29,10,99.3,209,37.0,61,16,71,47,287,16500000,detroit-lions
2017,Drew Brees,4334,8.1,536,386,72.0,23,8,103.9,201,37.5,72,11,54,20,145,19000000,new-orleans-saints
2017,Ben Roethlisberger,4251,7.6,561,360,64.2,28,14,93.4,207,36.9,52,14,97,21,139,18200000,pittsburgh-steelers
2017,Matt Ryan,4095,7.7,529,342,64.6,20,12,91.4,199,37.6,54,8,88,24,156,23750000,atlanta-falcons
2017,Kirk Cousins,4093,7.6,540,347,64.3,27,13,93.8,191,35.4,59,9,74,41,342,23943600,washington-redskins
2017,Alex Smith,4042,8.0,505,341,67.5,26,5,104.7,184,36.4,52,13,79,35,207,16900000,kansas-city-chiefs
2017,Russell Wilson,3983,7.2,553,339,61.3,34,11,95.4,183,33.1,58,12,74,43,322,14626666,seattle-seahawks
2017,Jared Goff,3804,8.0,477,296,62.0,28,7,100.5,176,36.9,54,12,94,25,172,6349471,los-angeles-rams
2017,Blake Bortles,3687,7.0,523,315,60.2,21,13,84.7,192,36.7,41,7,75,24,123,6571985,jacksonville-jaguars
2017,Case Keenum,3547,7.4,481,325,67.6,22,7,98.3,179,37.2,45,8,65,22,136,1906250,minnesota-vikings
2017,Jameis Winston,3504,7.9,442,282,63.8,19,11,92.2,180,40.7,32,5,70,33,207,6913985,tampa-bay-buccaneers
2017,Derek Carr,3496,6.8,515,323,62.7,22,13,86.4,165,32.0,43,9,87,20,101,15731691,oakland-raiders
2017,Eli Manning,3468,6.1,571,352,61.6,19,13,80.4,170,29.8,30,5,77,31,189,19700000,new-york-giants
2017,Dak Prescott,3324,6.8,490,308,62.9,22,13,86.6,162,33.1,34,8,81,32,185,635848,dallas-cowboys
2017,Andy Dalton,3320,6.7,496,297,59.9,25,12,86.6,162,32.7,33,9,77,39,255,15700000,cincinnati-bengals
2017,Cam Newton,3302,6.7,492,291,59.2,22,16,80.7,166,33.7,46,5,64,35,242,20166666,carolina-panthers
2017,Marcus Mariota,3232,7.1,453,281,62.0,13,15,79.3,147,32.4,39,6,75,27,173,6603811,tennessee-titans
2017,Joe Flacco,3141,5.7,549,352,64.1,18,13,80.4,161,29.3,28,5,66,27,205,24550000,baltimore-ravens
2017,Jacoby Brissett,3098,6.6,469,276,58.8,13,7,81.7,143,30.5,32,9,80,52,305,580038,indianapolis-colts
2017,DeShone Kizer,2894,6.1,476,255,53.6,11,22,60.5,130,27.3,43,3,56,38,226,899712,cleveland-browns
2017,Tyrod Taylor,2799,6.7,420,263,62.6,14,4,89.2,134,31.9,36,4,47,46,256,9713334,buffalo-bills
2017,Jay Cutler,2666,6.2,429,266,62.0,19,14,80.8,134,31.2,27,2,65,20,154,10000000,miami-dolphins
2017,Mitchell Trubisky,2193,6.6,330,196,59.4,7,7,77.5,100,30.3,24,4,70,31,196,5278622,chicago-bears
2017,Brett Hundley,1836,5.8,316,192,60.8,9,12,70.6,89,28.2,17,4,55,29,197,670908,green-bay-packers
2017,Jimmy Garoppolo,1560,8.8,178,120,67.4,7,5,96.2,78,43.8,20,5,61,8,57,434158,san-francisco-49ers
2017,C.J. Beathard,1430,6.4,224,123,54.9,4,6,69.2,66,29.5,16,6,83,19,141,641572,san-francisco-49ers
2017,Brian Hoyer,1287,6.1,211,123,58.3,4,4,74.5,64,30.3,14,3,59,16,112,476470,new-england-patriots
2017,Ryan Fitzpatrick,1103,6.8,163,96,58.9,7,3,86.0,63,38.6,15,1,41,7,34,3675000,tampa-bay-buccaneers
2017,Brock Osweiler,1088,6.3,172,96,55.8,5,5,72.5,53,30.8,14,1,54,10,64,775000,denver-broncos
2017,Blaine Gabbert,1086,6.4,171,95,55.6,6,6,71.9,55,32.2,17,2,52,23,149,895000,arizona-cardinals
2017,Drew Stanton,894,5.6,159,79,49.7,6,5,66.4,50,31.4,9,1,52,7,40,4050000,arizona-cardinals
2017,Matt Moore,861,6.8,127,78,61.4,4,5,75.6,38,29.9,11,3,61,12,95,2150000,miami-dolphins
2017,Mike Glennon,833,6.0,140,93,66.4,4,5,76.9,42,30.0,4,0,29,8,78,14000000,chicago-bears
2017,Bryce Petty,544,4.9,112,55,49.1,1,3,55.1,23,20.5,5,1,46,8,55,753424,new-york-jets
2017,Nick Foles,537,5.3,101,57,56.4,5,2,79.5,29,28.7,3,0,35,5,44,1600000,philadelphia-eagles
2017,T.J. Yates,523,5.4,97,47,48.4,4,3,65.8,27,27.8,7,1,40,13,75,410294,houston-texans
2017,Kevin Hogan,517,6.9,75,46,61.3,4,5,71.9,21,28.0,8,2,49,6,35,540000,cleveland-browns
2017,Paxton Lynch,295,6.6,45,30,66.7,2,3,72.0,15,33.3,4,0,30,9,51,2153704,denver-broncos
2017,Patrick Mahomes,284,8.1,35,22,62.9,0,1,76.4,14,40.0,2,1,51,2,15,2986506,kansas-city-chiefs
2017,David Fales,265,6.2,43,29,67.4,1,1,82.0,15,34.9,3,0,26,1,8,405880,miami-dolphins
2017,Nathan Peterman,252,5.1,49,24,49.0,2,5,38.4,14,28.6,3,0,21,1,5,524874,buffalo-bills
2017,Landry Jones,239,8.5,28,23,82.1,1,1,99.3,9,32.1,3,1,46,3,15,2200000,pittsburgh-steelers
2017,Geno Smith,212,5.9,36,21,58.3,1,0,84.5,8,22.2,3,1,47,3,12,1087500,new-york-giants
2017,Sean Mannion,185,5.0,37,22,59.5,0,0,72.5,8,21.6,2,1,50,3,20,886486,los-angeles-rams
2017,Matt Cassel,162,3.9,42,25,59.5,1,2,55.8,10,23.8,0,0,17,8,30,2750000,tennessee-titans
2017,Nate Sudfeld,134,5.8,23,19,82.6,0,0,90.9,4,17.4,0,0,16,3,24,285882,philadelphia-eagles
2017,Scott Tolzien,128,7.1,18,9,50.0,0,2,33.8,5,27.8,4,0,32,4,29,2000000,indianapolis-colts
2017,Cody Kessler,126,5.5,23,11,47.8,0,1,46.6,6,26.1,2,0,31,6,48,770246,cleveland-browns
2016,Drew Brees,5208,7.7,673,471,70.0,37,15,101.7,264,39.2,70,10,98,27,184,17250000,new-orleans-saints
2016,Matt Ryan,4944,9.3,534,373,69.8,38,7,117.1,238,44.6,69,17,76,37,235,23750000,atlanta-falcons
2016,Kirk Cousins,4917,8.1,606,406,67.0,25,12,97.2,225,37.1,69,13,80,23,190,19953000,washington-redskins
2016,Aaron Rodgers,4428,7.3,610,401,65.7,40,7,104.2,222,36.4,57,10,66,35,246,19250000,green-bay-packers
2016,Philip Rivers,4386,7.6,578,349,60.4,33,21,87.9,214,37.0,57,16,59,36,188,16500000,san-diego-chargers
2016,Matthew Stafford,4327,7.3,594,388,65.3,24,10,93.3,217,36.5,52,10,73,37,216,22500000,detroit-lions
2016,Joe Flacco,4317,6.4,672,436,64.9,20,15,83.5,204,30.4,40,11,95,33,243,22550000,baltimore-ravens
2016,Andrew Luck,4240,7.8,545,346,63.5,31,13,96.4,206,37.8,61,8,64,41,268,18400000,indianapolis-colts
2016,Carson Palmer,4233,7.1,597,364,61.0,26,14,87.2,218,36.5,48,6,80,40,281,18375000,arizona-cardinals
2016,Russell Wilson,4219,7.7,546,353,64.6,21,11,92.6,193,35.4,51,11,59,41,293,18542000,seattle-seahawks
2016,Andy Dalton,4206,7.5,563,364,64.6,18,8,91.8,204,36.2,53,13,86,41,264,13100000,cincinnati-bengals
2016,Jameis Winston,4090,7.2,567,345,60.8,28,18,86.1,214,37.7,43,4,45,35,239,5761654,tampa-bay-buccaneers
2016,Eli Manning,4027,6.7,598,377,63.0,26,16,86.0,190,31.8,46,11,75,21,142,24200000,new-york-giants
2016,Derek Carr,3937,7.0,560,357,63.8,28,6,96.7,189,33.8,50,8,75,16,79,1465037,oakland-raiders
2016,Blake Bortles,3905,6.2,625,368,58.9,23,16,78.8,206,33.0,43,4,51,34,197,5633130,jacksonville-jaguars
2016,Sam Bradford,3877,7.0,552,395,71.6,20,5,99.3,197,35.7,49,8,71,37,276,7000000,minnesota-vikings
2016,Ben Roethlisberger,3819,7.5,509,328,64.4,29,13,95.4,184,36.2,59,8,72,17,141,23950000,pittsburgh-steelers
2016,Carson Wentz,3782,6.2,607,379,62.4,16,14,79.2,191,31.5,39,6,73,33,213,4850243,philadelphia-eagles
2016,Dak Prescott,3667,8.0,459,311,67.8,23,4,104.9,182,39.6,38,8,83,25,143,545848,dallas-cowboys
2016,Tom Brady,3554,8.2,432,291,67.4,28,2,112.2,163,37.7,45,8,79,15,87,13764705,new-england-patriots
2016,Cam Newton,3509,6.9,510,270,52.9,19,14,75.8,172,33.7,42,8,88,36,277,19500000,carolina-panthers
2016,Alex Smith,3502,7.2,489,328,67.1,15,8,91.2,181,37.0,39,8,80,28,140,17800000,kansas-city-chiefs
2016,Trevor Siemian,3401,7.0,486,289,59.5,18,10,84.6,155,31.9,37,8,76,31,187,538195,denver-broncos
2016,Tyrod Taylor,3023,6.9,436,269,61.7,17,6,89.6,147,33.7,33,7,84,42,192,6919573,buffalo-bills
2016,Ryan Tannehill,2995,7.7,389,261,67.1,19,12,93.5,132,33.9,37,11,74,29,216,11640000,miami-dolphins
2016,Brock Osweiler,2957,5.8,510,301,59.0,15,16,72.2,153,30.0,29,4,53,27,206,12000000,houston-texans
2016,Ryan Fitzpatrick,2710,6.7,403,228,56.6,12,17,69.6,128,31.8,38,5,57,19,81,7000000,new-york-jets
2016,Colin Kaepernick,2241,6.8,331,196,59.2,16,4,90.7,101,30.5,25,5,65,36,207,16765753,san-francisco-49ers
2016,Case Keenum,2201,6.8,322,196,60.9,9,11,76.4,102,31.7,31,8,65,23,140,3635000,los-angeles-rams
2016,Matt Barkley,1611,7.5,216,129,59.7,8,14,68.3,89,41.2,21,0,37,6,43,595588,chicago-bears
2016,Cody Kessler,1380,7.1,195,128,65.6,6,2,92.2,67,34.4,17,4,44,21,140,616197,cleveland-browns
2016,Josh McCown,1100,6.7,165,90,54.6,6,6,72.3,56,33.9,14,2,54,18,126,5041666,cleveland-browns
2016,Jared Goff,1089,5.3,205,112,54.6,5,7,63.6,47,22.9,12,1,66,26,222,5079577,los-angeles-rams
2016,Blaine Gabbert,925,5.8,160,91,56.9,5,6,68.4,51,31.9,10,1,75,11,48,2300000,san-francisco-49ers
2016,Robert Griffin III,886,6.0,147,87,59.2,2,3,72.6,43,29.2,9,3,58,22,138,5234375,cleveland-browns
2016,Matt Moore,721,8.3,87,55,63.2,8,3,105.6,35,40.2,9,4,66,1,0,1400000,miami-dolphins
2016,Landry Jones,558,6.5,86,53,61.6,4,2,86.3,26,30.2,5,2,51,4,34,784805,pittsburgh-steelers
2016,Jimmy Garoppolo,502,8.0,63,43,68.2,4,0,113.3,22,34.9,7,0,37,3,15,950154,new-england-patriots
2016,Paxton Lynch,497,6.0,83,49,59.0,2,1,79.2,25,30.1,3,0,31,9,42,1722963,denver-broncos
2016,Tom Savage,461,6.3,73,46,63.0,0,0,80.9,20,27.4,5,0,32,5,36,675146,houston-texans
2016,Derek Anderson,453,8.6,53,36,67.9,2,5,67.6,22,41.5,7,1,48,0,0,1950000,carolina-panthers
2016,Nick Foles,410,7.4,55,36,65.4,3,0,105.9,15,27.3,7,1,49,4,34,1750000,kansas-city-chiefs
2016,Jacoby Brissett,400,7.3,55,34,61.8,0,0,83.9,18,32.7,4,1,58,6,46,530675,new-england-patriots
2016,Matt Cassel,284,5.6,51,30,58.8,2,2,71.0,16,31.4,3,1,50,5,23,2000000,tennessee-titans
2016,Shaun Hill,242,6.9,35,19,54.3,0,0,76.1,12,34.3,3,0,33,1,7,3250000,minnesota-vikings
2016,Scott Tolzien,216,5.8,37,23,62.2,1,2,64.7,13,35.1,1,0,32,3,21,1500000,indianapolis-colts
2016,Drew Stanton,192,4.0,48,19,39.6,2,3,39.6,11,22.9,3,0,29,1,8,2500000,arizona-cardinals
2016,Connor Cook,150,7.1,21,14,66.7,1,1,83.4,6,28.6,1,0,32,2,7,604972,oakland-raiders
2016,Trevone Boykin,145,8.1,18,13,72.2,1,1,91.2,8,44.4,2,0,31,1,5,455000,seattle-seahawks
2016,Kevin Hogan,104,4.0,26,14,53.8,0,2,31.6,6,23.1,0,0,17,2,10,317640,cleveland-browns
2016,Cardale Jones,96,8.7,11,6,54.6,0,1,46.0,2,18.2,1,1,64,1,2,545848,buffalo-bills
2016,Mark Sanchez,93,5.2,18,10,55.6,0,2,30.3,5,27.8,1,0,33,3,25,2000000,dallas-cowboys
2016,Mike Glennon,75,6.8,11,10,90.9,1,0,125.4,6,54.6,0,0,13,0,0,1830375,tampa-bay-buccaneers
2016,Matt McGloin,50,3.3,15,8,53.3,0,0,60.4,3,20.0,0,0,19,0,0,2553000,oakland-raiders
2015,Drew Brees,4870,7.8,627,428,68.3,32,11,101.0,228,36.4,68,13,80,31,235,23800000,new-orleans-saints
2015,Philip Rivers,4792,7.2,661,437,66.1,29,13,93.8,226,34.2,53,8,80,40,264,21166668,san-diego-chargers
2015,Tom Brady,4770,7.6,624,402,64.4,36,7,102.2,228,36.5,58,12,76,38,225,14000000,new-england-patriots
2015,Carson Palmer,4671,8.7,537,342,63.7,35,11,104.6,231,43.0,65,15,68,25,151,7375000,arizona-cardinals
2015,Matt Ryan,4591,7.5,614,407,66.3,21,16,89.0,229,37.3,49,9,70,30,206,19500000,atlanta-falcons
2015,Eli Manning,4432,7.2,618,387,62.6,35,14,93.6,204,33.0,52,16,87,27,157,14450000,new-york-giants
2015,Blake Bortles,4428,7.3,606,355,58.6,35,18,88.2,215,35.5,72,11,90,51,320,4694275,jacksonville-jaguars
2015,Matthew Stafford,4262,7.2,592,398,67.2,32,13,97.0,223,37.7,49,8,57,44,251,17721250,detroit-lions
2015,Ryan Tannehill,4208,7.2,586,363,62.0,24,12,88.7,193,32.9,57,13,54,45,420,4873364,miami-dolphins
2015,Kirk Cousins,4166,7.7,543,379,69.8,29,11,101.6,204,37.6,50,8,78,26,186,778172,washington-redskins
2015,Jameis Winston,4042,7.6,535,312,58.3,22,15,84.2,201,37.6,57,9,68,27,190,4609323,tampa-bay-buccaneers
2015,Russell Wilson,4024,8.3,483,329,68.1,34,8,110.1,187,38.7,60,9,80,45,265,7054868,seattle-seahawks
2015,Derek Carr,3987,7.0,573,350,61.1,32,13,91.1,183,31.9,53,10,68,31,230,1220864,oakland-raiders
2015,Ben Roethlisberger,3938,8.4,469,319,68.0,21,16,94.5,174,37.1,48,17,69,20,141,17245000,pittsburgh-steelers
2015,Ryan Fitzpatrick,3905,7.0,562,335,59.6,31,15,88.0,196,34.9,53,9,69,19,94,3250000,new-york-jets
2015,Cam Newton,3837,7.8,495,296,59.8,35,10,99.4,195,39.4,52,10,74,33,284,13000000,carolina-panthers
2015,Aaron Rodgers,3821,6.7,572,347,60.7,31,8,92.7,173,30.2,55,6,65,46,314,18250000,green-bay-packers
2015,Sam Bradford,3725,7.0,532,346,65.0,19,14,86.4,164,30.8,46,13,78,28,200,12985000,philadelphia-eagles
2015,Jay Cutler,3659,7.6,483,311,64.4,21,11,92.3,171,35.4,53,10,87,29,150,16500000,chicago-bears
2015,Alex Smith,3486,7.4,470,307,65.3,20,7,95.4,154,32.8,42,10,80,45,235,15600000,kansas-city-chiefs
2015,Andy Dalton,3250,8.4,386,255,66.1,25,7,106.2,147,38.1,52,11,80,20,118,9600000,cincinnati-bengals
2015,Teddy Bridgewater,3231,7.2,447,292,65.3,14,9,88.7,153,34.2,41,6,52,44,307,1556705,minnesota-vikings
2015,Tyrod Taylor,3035,8.0,380,242,63.7,20,6,99.4,129,34.0,45,11,63,36,212,883333,buffalo-bills
2015,Marcus Mariota,2818,7.6,370,230,62.2,19,10,91.5,142,38.4,40,4,61,38,258,4402541,tennessee-titans
2015,Brian Hoyer,2606,7.1,369,224,60.7,19,7,91.4,130,35.2,32,5,49,25,185,5218750,houston-texans
2015,Peyton Manning,2249,6.8,331,198,59.8,9,17,67.9,110,33.2,24,7,75,16,95,17500000,denver-broncos
2015,Nick Foles,2052,6.1,337,190,56.4,7,10,69.0,82,24.3,27,8,68,14,98,4042000,st.-louis-rams
2015,Blaine Gabbert,2031,7.2,282,178,63.1,10,7,86.2,83,29.4,27,5,71,25,164,1750000,san-francisco-49ers
2015,Brock Osweiler,1967,7.2,275,170,61.8,10,6,86.4,91,33.1,17,4,72,23,151,1118944,denver-broncos
2015,Andrew Luck,1881,6.4,293,162,55.3,15,12,74.9,90,30.7,22,3,87,15,88,7034363,indianapolis-colts
2015,Matt Hasselbeck,1690,6.6,256,156,60.9,9,5,84.0,85,33.2,22,3,57,16,101,3000000,indianapolis-colts
2015,Johnny Manziel,1500,6.7,223,129,57.8,7,5,79.4,71,31.8,19,4,61,19,141,1874681,cleveland-browns
2015,Ryan Mallett,1336,5.5,244,136,55.7,5,6,67.9,76,31.2,9,1,48,6,32,131470,baltimore-ravens
2015,Matt Cassel,1276,6.2,204,119,58.3,5,7,70.6,54,26.5,13,2,51,14,86,1764705,dallas-cowboys
2015,Brandon Weeden,1043,7.4,140,97,69.3,5,2,96.8,53,37.9,10,3,67,10,77,271764,houston-texans
2015,Zach Mettenberger,935,5.6,166,101,60.8,4,7,66.7,45,27.1,7,1,57,13,98,541279,tennessee-titans
2015,Case Keenum,828,6.6,125,76,60.8,4,1,87.7,41,32.8,7,2,60,4,28,585000,st.-louis-rams
2015,Kellen Moore,779,7.5,104,61,58.6,4,6,71.0,40,38.5,13,0,36,5,23,232941,dallas-cowboys
2015,Jimmy Clausen,739,5.9,125,72,57.6,2,4,66.7,32,25.6,11,2,48,7,38,262941,baltimore-ravens
2015,Mark Sanchez,616,6.8,91,59,64.8,4,4,80.6,29,31.9,7,1,43,9,54,3750000,philadelphia-eagles
2015,Austin Davis,547,5.8,94,56,59.6,1,3,66.2,25,26.6,5,2,42,11,96,966666,cleveland-browns
2015,Matt Schaub,540,6.8,80,52,65.0,3,4,76.0,28,35.0,6,2,48,3,27,2000000,baltimore-ravens
2015,Landry Jones,513,9.3,55,32,58.2,3,4,77.3,19,34.6,9,3,88,2,17,694805,pittsburgh-steelers
2015,Geno Smith,265,6.3,42,27,64.3,2,1,87.9,14,33.3,3,0,28,3,19,1368983,new-york-jets
2015,Dan Orlovsky,201,5.0,40,22,55.0,1,1,66.8,13,32.5,3,0,23,0,0,665000,detroit-lions
2015,Josh Freeman,149,5.3,28,15,53.6,1,1,65.9,7,25.0,1,1,57,1,7,43823,indianapolis-colts
2015,Matt McGloin,142,4.4,32,23,71.9,2,1,88.3,10,31.2,0,0,14,2,20,585000,oakland-raiders
2015,Colt McCoy,128,11.6,11,7,63.6,1,0,133.9,4,36.4,2,1,71,1,13,1375000,washington-redskins
2015,Drew Stanton,104,4.2,25,11,44.0,0,2,22.8,6,24.0,1,0,21,2,8,3866668,arizona-cardinals
2015,Alex Tanney,99,7.1,14,10,71.4,1,0,114.9,7,50.0,1,0,29,3,34,51176,tennessee-titans
2015,Ryan Nassib,68,13.6,5,5,100.0,1,0,158.3,4,80.0,1,0,25,0,0,698400,new-york-giants
2014,Drew Brees,4952,7.5,659,456,69.2,33,17,97.0,258,39.2,52,10,69,29,186,18400000,new-orleans-saints
2014,Ben Roethlisberger,4952,8.1,608,408,67.1,32,9,103.3,240,39.5,55,15,94,33,172,18895000,pittsburgh-steelers
2014,Andrew Luck,4761,7.7,616,380,61.7,40,16,96.5,234,38.0,73,15,80,27,161,6029454,indianapolis-colts
2014,Peyton Manning,4727,7.9,597,395,66.2,39,15,101.5,225,37.7,66,11,86,17,118,17500000,denver-broncos
2014,Matt Ryan,4694,7.5,628,415,66.1,28,14,93.9,230,36.6,60,8,79,31,205,17500000,atlanta-falcons
2014,Eli Manning,4410,7.3,601,379,63.1,30,14,92.1,216,35.9,52,10,80,28,187,20400000,new-york-giants
2014,Aaron Rodgers,4381,8.4,520,341,65.6,38,5,112.2,219,42.1,59,15,80,28,174,17550000,green-bay-packers
2014,Philip Rivers,4286,7.5,570,379,66.5,31,18,93.8,213,37.4,57,9,59,36,189,16666666,san-diego-chargers
2014,Matthew Stafford,4257,7.1,602,363,60.3,22,12,85.7,209,34.7,53,11,73,45,254,15820000,detroit-lions
2014,Tom Brady,4109,7.1,582,373,64.1,33,9,97.4,220,37.8,44,8,69,21,134,14800000,new-england-patriots
2014,Ryan Tannehill,4045,6.9,590,392,66.4,27,12,92.8,224,38.0,41,4,50,46,337,3455046,miami-dolphins
2014,Joe Flacco,3986,7.2,554,344,62.1,27,12,91.0,194,35.0,50,7,80,19,167,14800000,baltimore-ravens
2014,Jay Cutler,3812,6.8,561,370,66.0,28,18,88.6,181,32.3,39,8,74,38,223,18500000,chicago-bears
2014,Tony Romo,3705,8.5,435,304,69.9,34,9,113.2,189,43.4,49,10,68,29,215,11773000,dallas-cowboys
2014,Russell Wilson,3475,7.7,452,285,63.0,20,7,95.0,159,35.2,54,8,80,42,242,817302,seattle-seahawks
2014,Andy Dalton,3398,7.1,481,309,64.2,19,17,83.5,158,32.8,33,7,81,21,124,9059063,cincinnati-bengals
2014,Colin Kaepernick,3369,7.0,478,289,60.5,19,10,86.4,163,34.1,48,5,80,52,344,3767444,san-francisco-49ers
2014,Brian Hoyer,3326,7.6,438,242,55.2,12,13,76.5,163,37.2,51,10,81,24,160,1250000,cleveland-browns
2014,Derek Carr,3270,5.5,599,348,58.1,21,12,76.6,163,27.2,28,7,77,24,149,976691,oakland-raiders
2014,Alex Smith,3265,7.0,464,303,65.3,18,6,93.4,175,37.7,40,3,70,45,229,4600000,kansas-city-chiefs
2014,Cam Newton,3127,7.0,448,262,58.5,18,12,82.1,155,34.6,37,4,51,38,300,7008113,carolina-panthers
2014,Kyle Orton,3018,6.8,447,287,64.2,18,10,87.8,147,32.9,39,7,84,33,198,4000000,buffalo-bills
2014,Teddy Bridgewater,2919,7.3,402,259,64.4,14,12,85.2,137,34.1,38,7,87,39,249,1245364,minnesota-vikings
2014,Blake Bortles,2908,6.1,475,280,59.0,11,17,69.5,132,27.8,37,6,63,55,345,3755420,jacksonville-jaguars
2014,Geno Smith,2525,6.9,367,219,59.7,13,13,77.5,118,32.2,33,7,74,28,175,1140819,new-york-jets
2014,Ryan Fitzpatrick,2483,8.0,312,197,63.1,17,8,95.3,119,38.1,38,8,76,21,83,3375000,houston-texans
2014,Mark Sanchez,2418,7.8,309,198,64.1,14,11,88.4,117,37.9,34,6,72,23,151,2250000,philadelphia-eagles
2014,Josh McCown,2206,6.8,327,184,56.3,11,14,70.5,98,30.0,28,6,56,36,235,4750000,tampa-bay-buccaneers
2014,Nick Foles,2163,7.0,311,186,59.8,13,10,81.4,101,32.5,29,7,68,9,74,770880,philadelphia-eagles
2014,Austin Davis,2001,7.0,284,180,63.4,12,9,85.1,106,37.3,21,4,59,29,179,570000,st.-louis-rams
2014,Drew Stanton,1711,7.1,240,132,55.0,7,5,78.7,77,32.1,29,6,49,11,66,2666666,arizona-cardinals
2014,Kirk Cousins,1710,8.4,204,126,61.8,10,9,86.4,75,36.8,27,8,81,8,70,688172,washington-redskins
2014,Robert Griffin III,1694,7.9,214,147,68.7,4,6,86.9,67,31.3,18,8,69,33,227,5759754,washington-redskins
2014,Shaun Hill,1657,7.2,229,145,63.3,8,7,83.9,81,35.4,22,3,63,18,116,1750000,st.-louis-rams
2014,Carson Palmer,1626,7.3,224,141,63.0,11,3,95.6,82,36.6,19,3,80,9,59,13000000,arizona-cardinals
2014,Mike Glennon,1417,7.0,203,117,57.6,10,6,83.3,64,31.5,23,3,41,16,91,705469,tampa-bay-buccaneers
2014,Zach Mettenberger,1412,7.9,179,107,59.8,8,7,83.4,56,31.3,21,5,80,18,138,451279,tennessee-titans
2014,Charlie Whitehurst,1326,7.2,185,105,56.8,7,2,87.4,56,30.3,18,2,75,18,103,1500000,tennessee-titans
2014,Colt McCoy,1057,8.3,128,91,71.1,4,3,96.4,44,34.4,12,4,70,17,117,635000,washington-redskins
2014,Derek Anderson,701,7.2,97,65,67.0,5,0,105.2,44,45.4,6,0,35,4,17,1100000,carolina-panthers
2014,Ryan Lindley,562,6.0,93,45,48.4,2,4,56.8,30,32.3,9,1,41,6,46,234706,arizona-cardinals
2014,Chad Henne,492,6.3,78,42,53.8,3,1,80.7,19,24.4,5,3,63,16,105,5750000,jacksonville-jaguars
2014,Case Keenum,435,5.6,77,45,58.4,2,2,72.2,21,27.3,6,0,35,3,15,58235,houston-texans
2014,Matt Cassel,425,6.0,71,41,57.8,3,4,65.8,21,29.6,5,0,28,6,39,5750000,minnesota-vikings
2014,Ryan Mallett,400,5.3,75,41,54.7,2,2,67.6,23,30.7,3,1,41,1,5,776976,houston-texans
2014,Brandon Weeden,303,7.4,41,24,58.5,3,2,85.7,16,39.0,5,2,43,1,9,570000,dallas-cowboys
2014,Matt Hasselbeck,301,6.8,44,30,68.2,2,0,102.6,17,38.6,5,0,32,2,7,3750000,indianapolis-colts
2014,Jimmy Clausen,223,4.6,48,26,54.2,2,1,71.8,13,27.1,2,0,22,3,20,645000,chicago-bears
2014,Christian Ponder,222,5.0,44,22,50.0,0,2,45.8,13,29.6,0,0,18,6,34,3232313,minnesota-vikings
2014,Jimmy Garoppolo,182,6.7,27,19,70.4,1,0,101.2,8,29.6,2,0,37,5,36,633436,new-england-patriots
2014,Connor Shaw,177,6.3,28,14,50.0,0,1,55.2,10,35.7,2,1,49,4,27,24705,cleveland-browns
2014,Chase Daniel,157,5.6,28,16,57.1,0,0,73.1,8,28.6,3,0,30,4,17,3400000,kansas-city-chiefs
2014,Matt McGloin,129,6.8,19,12,63.2,1,2,61.0,6,31.6,2,0,29,1,8,495000,oakland-raiders
2014,Tom Savage,127,6.7,19,10,52.6,0,1,51.9,6,31.6,2,0,35,1,5,495146,houston-texans
