Year,Rk,Tm,G,Pts,Yds,Ply,Y/P,TO,FL,1stD,Cmp,Att,Yds,TD,Int,NY/A,1stD,Att,Yds,TD,Y/A,1stD,Pen,Yds,1stPy,Sc%,TO%,EXP
2020,1,Green Bay Packers,16,509,6224,990,6.3,11,6,358,372,526,4106,48,5,7.5,216,443,2118,16,4.8,114,84,684,28,49.7,5.6,290.75
2020,2,Buffalo Bills,16,501,6343,1034,6.1,22,11,397,410,596,4620,40,11,7.4,240,411,1723,16,4.2,119,102,941,38,49.4,11.8,228.66
2020,3,Tampa Bay Buccaneers,16,492,6145,1017,6,17,5,364,410,626,4626,42,12,7.1,238,369,1519,16,4.1,82,84,715,44,47.8,8.9,246.24
2020,4,Tennessee Titans,16,491,6343,1031,6.2,12,5,381,316,485,3653,33,7,7.2,203,521,2690,26,5.2,142,86,783,36,47.9,7.2,245.01
2020,5,New Orleans Saints,16,482,6023,1045,5.8,17,9,367,370,522,3758,28,8,6.8,199,494,2265,30,4.6,147,98,1005,21,45.5,9,176.94
2020,6,Kansas City Chiefs,16,473,6653,1057,6.3,16,9,397,420,630,4854,40,7,7.4,255,403,1799,13,4.5,110,105,919,32,47.9,9.2,280.82
2020,7,Baltimore Ravens,16,468,5810,993,5.9,18,7,327,257,406,2739,27,11,6.3,142,555,3071,24,5.5,166,104,961,19,45.3,10.6,148.3
2020,8,Seattle Seahawks,16,459,5912,1022,5.8,18,5,356,388,563,3941,40,13,6.5,216,411,1971,15,4.8,111,84,662,29,44.4,10.1,129.24
2020,9,Indianapolis Colts,16,451,6049,1032,5.9,15,4,364,371,552,4053,24,11,7.1,201,459,1996,20,4.3,129,94,899,34,44.4,8.8,168.41
2020,10,Las Vegas Raiders,16,434,6133,1036,5.9,26,16,359,369,551,4217,28,10,7.3,206,457,1916,20,4.2,121,98,856,32,47.9,14.8,147.62
2020,11,Minnesota Vikings,16,430,6292,1023,6.2,23,10,383,349,516,4009,35,13,7.2,212,468,2283,20,4.9,139,82,650,32,39.8,12.5,157.7
2020,12,Pittsburgh Steelers,16,416,5354,1043,5.1,18,7,322,428,656,4003,35,11,6,206,373,1351,12,3.6,81,81,691,35,37.2,8.5,78.22
2020,13,Arizona Cardinals,16,410,6153,1083,5.7,21,8,381,387,575,3916,27,13,6.5,211,479,2237,22,4.7,136,113,868,34,40.2,11.7,103.62
2020,14,Cleveland Browns,16,408,5913,1022,5.8,16,8,355,315,501,3539,27,8,6.7,195,495,2374,21,4.8,133,100,870,27,40.6,9.7,159.48
2020,15,Miami Dolphins,16,404,5424,1021,5.3,20,7,345,370,559,3736,24,13,6.3,207,428,1688,15,3.9,100,74,635,38,41.4,11,61.96
2020,16,Atlanta Falcons,16,396,5895,1078,5.5,18,7,366,408,628,4363,27,11,6.5,243,409,1532,13,3.7,86,83,736,37,44.8,10.3,129.77
2020,17,Dallas Cowboys,16,395,5949,1113,5.3,26,13,371,413,639,4161,25,13,6.1,231,430,1788,14,4.2,115,96,849,25,40.6,14.4,58.97
2020,18,Houston Texans,16,384,6004,940,6.4,18,11,326,383,546,4538,33,7,7.6,222,344,1466,10,4.3,83,80,619,21,42.9,9.8,140.22
2020,19,Los Angeles Chargers,16,384,6113,1127,5.4,16,6,373,413,627,4329,31,10,6.5,226,466,1784,12,3.8,111,85,710,36,38.3,8.6,129.6
2020,20,Detroit Lions,16,377,5603,991,5.7,21,8,350,374,582,4104,27,13,6.6,220,367,1499,17,4.1,93,95,860,37,38.5,11.2,94.78
2020,21,San Francisco 49ers,16,376,5922,1046,5.7,31,14,350,371,570,4033,25,17,6.6,217,437,1889,19,4.3,101,85,731,32,36.3,14.8,55.7
2020,22,Los Angeles Rams,16,372,6032,1088,5.5,25,11,352,392,590,4014,20,14,6.5,206,473,2018,19,4.3,123,71,655,23,34.2,12.5,57.24
2020,23,Chicago Bears,16,372,5302,1043,5.1,22,6,335,402,614,3655,26,16,5.6,218,393,1647,12,4.2,93,88,777,24,38.9,12,34.92
2020,24,Carolina Panthers,16,350,5592,993,5.6,21,5,335,373,550,3888,16,16,6.6,192,407,1704,19,4.2,110,95,752,33,40.3,13.2,81.2
2020,25,Washington Football Team,16,335,5076,1051,4.8,27,11,322,389,601,3465,16,16,5.3,184,400,1611,18,4,108,87,697,30,33.3,13.1,-10.43
2020,26,Philadelphia Eagles,16,334,5354,1066,5,29,9,336,334,598,3327,22,20,5,177,403,2027,16,5,114,107,853,45,27.9,15.3,-13.65
2020,27,New England Patriots,16,326,5236,979,5.3,19,5,332,283,440,2890,12,14,6.1,157,502,2346,20,4.7,143,62,534,32,36.9,12.1,55.88
2020,28,Denver Broncos,16,323,5369,1030,5.2,32,9,308,317,556,3451,21,23,5.9,176,442,1918,13,4.3,94,81,670,38,33,17,-21.82
2020,29,Cincinnati Bengals,16,311,5116,1040,4.9,24,13,318,372,581,3448,19,11,5.5,201,411,1668,13,4.1,92,83,675,25,33,12.8,-5.13
2020,30,Jacksonville Jaguars,16,306,5218,997,5.2,25,9,310,387,616,3699,25,16,5.6,205,337,1519,9,4.5,80,107,1071,25,30.4,14,-6.12
2020,31,New York Giants,16,280,4794,966,5,22,11,297,321,517,3026,12,11,5.3,178,399,1768,13,4.4,91,81,634,28,33.5,12.6,-26.79
2020,32,New York Jets,16,243,4479,948,4.7,19,5,269,292,499,2796,16,14,5.2,146,406,1683,9,4.1,94,101,952,29,26.3,10.9,-59.07
2014,1,Green Bay Packers,16,486,6178,1001,6.2,13,7,356,349,536,4261,38,6,7.5,222,435,1917,14,4.4,104,92,775,30,46.7,7.1,172.28
2014,2,Denver Broncos,16,482,6446,1067,6,20,5,360,399,607,4661,40,15,7.5,227,443,1785,15,4,98,120,1045,35,39.9,9.6,140.4
2014,3,Philadelphia Eagles,16,474,6348,1127,5.6,36,15,356,384,621,4356,27,21,6.7,218,474,1992,16,4.2,109,115,995,29,36.9,17.2,35.17
2014,4,New England Patriots,16,468,5848,1073,5.5,13,4,361,392,609,4121,34,9,6.5,228,438,1727,13,3.9,96,120,1080,37,45.3,7.2,181.12
2014,5,Dallas Cowboys,16,467,6138,1014,6.1,25,14,342,328,476,3784,37,11,7.5,205,508,2354,16,4.6,106,105,839,31,43.6,12.8,174.23
2014,6,Indianapolis Colts,16,458,6506,1105,5.9,31,15,371,410,661,4894,42,16,7.1,251,415,1612,9,3.9,80,105,848,40,39.5,14.6,83.73
2014,7,Pittsburgh Steelers,16,436,6577,1068,6.2,21,11,379,411,612,4825,33,10,7.5,243,423,1752,10,4.1,98,103,834,38,41.4,11.5,156.58
2014,8,Baltimore Ravens,16,409,5838,1021,5.7,20,8,345,344,554,3819,27,12,6.7,194,448,2019,16,4.5,113,111,870,38,39.6,9.9,135.24
2014,9,New Orleans Saints,16,401,6582,1095,6,30,13,395,456,659,4764,33,17,6.9,258,406,1818,16,4.5,101,80,670,36,39.1,16.7,151.45
2014,10,Seattle Seahawks,16,394,6012,1021,5.9,14,7,328,287,454,3250,20,7,6.6,160,525,2762,20,5.3,144,130,1009,24,40.6,6.9,137.18
2014,11,Miami Dolphins,16,388,5601,1040,5.4,23,11,361,394,595,3729,27,12,5.8,226,399,1872,12,4.7,99,81,635,36,37.6,10.5,74.78
2014,12,Atlanta Falcons,16,381,6051,1035,5.8,23,8,330,418,632,4553,28,15,6.9,233,372,1498,11,4,75,97,840,22,38.9,13.1,61.55
2014,13,New York Giants,16,380,5875,1086,5.4,28,14,336,383,607,4272,30,14,6.7,218,449,1603,13,3.6,83,101,896,35,34.7,12.4,40.61
2014,14,Houston Texans,16,372,5513,1062,5.2,22,9,313,295,485,3352,22,13,6.6,171,551,2161,12,3.9,108,94,834,34,33,11.3,13.01
2014,15,Cincinnati Bengals,16,365,5568,1018,5.5,26,9,313,323,503,3421,20,17,6.5,164,492,2147,19,4.4,122,102,812,27,34,13.1,13.84
2014,16,Kansas City Chiefs,16,353,5100,962,5.3,17,11,309,320,493,3182,18,6,5.9,184,420,1918,18,4.6,92,88,681,33,35.8,9.2,52.61
2014,17,San Diego Chargers,16,348,5465,1009,5.4,23,5,326,380,574,4098,31,18,6.7,214,398,1367,6,3.4,75,111,967,37,33.9,12.6,64.94
2014,18,Buffalo Bills,16,343,5096,1020,5,23,10,273,363,579,3614,23,13,5.8,186,402,1482,7,3.7,65,124,1031,22,32.5,11.2,-43.33
2014,19,Carolina Panthers,16,339,5547,1060,5.2,23,11,347,327,545,3511,23,12,6,199,473,2036,10,4.3,117,83,756,31,34.8,11.8,44.08
2014,20,Minnesota Vikings,16,325,5048,981,5.1,20,2,288,322,517,3244,17,18,5.7,171,413,1804,12,4.4,90,100,836,27,31.8,10.8,6.55
2014,21,St. Louis Rams,16,324,5035,957,5.3,27,11,288,327,515,3400,20,16,6,189,395,1635,11,4.1,79,123,1139,20,29.6,14,-44.13
2014,22,Detroit Lions,16,321,5452,1045,5.2,20,8,310,365,604,4030,22,12,6.2,210,396,1422,11,3.6,72,118,989,28,32.4,9.5,50.59
2014,23,Chicago Bears,16,319,5233,1005,5.2,29,10,322,396,609,3792,30,19,5.8,194,355,1441,8,4.1,91,113,997,37,27.8,16.1,-11.8
2014,24,Arizona Cardinals,16,310,5116,993,5.2,17,5,302,320,568,3808,21,12,6.4,191,397,1308,6,3.3,67,91,707,44,30.9,9.4,-9.8
2014,25,San Francisco 49ers,16,306,5239,1009,5.2,22,12,303,292,487,3063,20,10,5.7,165,470,2176,10,4.6,104,116,937,34,30.9,11.8,13.79
2014,26,Washington Redskins,16,301,5738,1006,5.7,31,13,318,364,547,4047,18,18,6.7,186,401,1691,15,4.2,88,120,1130,44,29.7,15.6,14.06
2014,27,Cleveland Browns,16,299,5193,1010,5.1,23,7,294,274,502,3465,12,16,6.5,179,477,1728,17,3.6,88,116,932,27,28,10.9,-21.15
2014,28,New York Jets,16,283,5226,1052,5,24,9,289,287,498,2946,16,15,5.4,154,507,2280,11,4.5,112,109,932,23,31.7,11.8,-44.92
2014,29,Tampa Bay Buccaneers,16,277,4672,936,5,33,13,263,301,531,3297,21,20,5.7,162,353,1375,7,3.9,72,118,939,29,26.7,17.2,-67.27
2014,30,Tennessee Titans,16,254,4859,919,5.3,26,10,258,299,513,3412,20,16,6.1,159,356,1447,6,4.1,75,111,961,24,23.6,12.6,-88.85
2014,31,Oakland Raiders,16,253,4515,994,4.5,29,13,248,365,629,3275,22,16,5,173,337,1240,4,3.7,56,116,939,19,22.7,13.6,-139.47
2014,32,Jacksonville Jaguars,16,249,4634,988,4.7,26,8,271,325,557,3001,15,18,4.8,154,360,1633,9,4.5,86,73,573,31,22.6,12.8,-120.53
2015,1,Carolina Panthers,16,500,5871,1060,5.5,19,9,357,300,501,3589,35,10,6.7,197,526,2282,19,4.3,136,103,887,24,42.9,9.6,115.28
2015,2,Arizona Cardinals,16,489,6533,1041,6.3,24,11,373,353,562,4616,35,13,7.8,237,452,1917,16,4.2,92,94,758,44,42.5,11.8,148.43
2015,3,New England Patriots,16,465,5991,1050,5.7,14,7,348,404,629,4587,36,7,6.9,230,383,1404,14,3.7,87,96,860,31,43.2,5.7,138.04
2015,4,Seattle Seahawks,16,423,6058,1035,5.9,16,8,335,333,489,3790,34,8,7.1,190,500,2268,10,4.5,128,117,1007,17,42,8.6,129.31
2015,5,Pittsburgh Steelers,16,423,6327,1011,6.3,28,7,331,391,590,4603,26,21,7.4,207,388,1724,16,4.4,91,94,868,33,40.5,13.7,22.98
2015,6,New York Giants,16,420,5952,1053,5.7,21,7,331,392,623,4343,36,14,6.7,208,403,1609,5,4,77,102,777,46,38.2,11.3,31.24
2015,7,Cincinnati Bengals,16,419,5728,1004,5.7,17,8,324,334,505,3923,31,9,7.3,191,467,1805,18,3.9,99,111,917,34,39.6,9.3,82.59
2015,8,New Orleans Saints,16,408,6461,1096,5.9,20,8,381,460,667,4970,32,12,7.1,247,397,1491,16,3.8,98,130,1112,36,36.3,10.4,146.68
2015,9,Kansas City Chiefs,16,405,5299,955,5.5,15,8,303,310,473,3255,20,7,6.3,155,436,2044,19,4.7,116,104,878,32,37.9,7.1,41.53
2015,10,Washington Redskins,16,388,5661,1011,5.6,22,11,317,386,555,4095,30,11,7,208,429,1566,9,3.7,81,105,828,28,36.1,11.1,54.93
2015,11,New York Jets,16,387,5925,1074,5.5,24,8,329,362,604,4057,33,16,6.5,210,448,1868,11,4.2,99,96,787,20,35.7,11.6,72.26
2015,12,Buffalo Bills,16,379,5775,1016,5.7,19,10,297,295,465,3343,23,9,6.6,155,509,2432,19,4.8,122,143,1249,20,34.9,8.6,37.71
2015,13,Philadelphia Eagles,16,377,5830,1102,5.3,31,13,339,405,623,4087,23,18,6.2,193,442,1743,15,3.9,110,104,819,36,29.1,15.3,1.07
2015,14,Jacksonville Jaguars,16,376,5581,1012,5.5,28,10,313,355,607,4108,35,18,6.2,215,354,1473,5,4.2,69,105,880,29,34.2,14,-28.13
2015,15,Green Bay Packers,16,368,5353,1056,5.1,17,9,317,348,573,3503,31,8,5.7,173,436,1850,8,4.2,100,105,906,44,33.3,8.9,40.61
2015,16,Minnesota Vikings,16,365,5139,973,5.3,17,8,297,294,454,2928,14,9,5.9,153,474,2211,18,4.7,113,88,797,31,38.4,9.3,29.39
2015,17,Oakland Raiders,16,359,5336,1008,5.3,24,10,300,373,605,3879,34,14,6.1,193,370,1457,7,3.9,74,139,1102,33,31.8,10.3,4.72
2015,18,Detroit Lions,16,358,5547,1030,5.4,24,10,337,420,632,4212,33,14,6.2,236,354,1335,7,3.8,71,104,930,30,34.6,12.3,31.8
2015,19,Denver Broncos,16,355,5688,1056,5.4,31,8,314,368,606,3970,19,23,6.2,201,411,1718,13,4.2,85,115,1063,28,31.2,15.1,-50.98
2015,20,Tampa Bay Buccaneers,16,342,6014,1017,5.9,28,13,336,312,535,3852,22,15,6.9,201,455,2162,12,4.8,99,143,1195,36,35.8,14.8,40.62
2015,21,Atlanta Falcons,16,339,5985,1073,5.6,30,13,359,410,621,4379,21,17,6.7,230,420,1606,13,3.8,95,100,969,34,34.5,17.2,52.68
2015,22,Houston Texans,16,339,5564,1127,4.9,20,8,335,358,619,3833,29,12,5.9,210,472,1731,7,3.7,90,107,910,35,28.9,9.8,-38.02
2015,23,Chicago Bears,16,335,5514,1025,5.4,21,9,312,334,523,3660,21,12,6.6,177,468,1854,13,4,108,99,909,27,37.4,11.2,8.41
2015,24,Indianapolis Colts,16,333,5142,1052,4.9,30,11,311,355,619,3704,26,19,5.6,195,396,1438,6,3.6,77,108,931,39,29.4,14.4,-51.38
2015,25,Baltimore Ravens,16,328,5749,1083,5.3,28,7,323,426,676,4271,21,21,6.1,211,383,1478,8,3.9,89,122,1153,23,33.3,14,-47.16
2015,26,San Diego Chargers,16,320,5949,1100,5.4,24,11,344,442,667,4591,30,13,6.5,230,393,1358,4,3.5,79,117,942,35,33.7,12.4,10.76
2015,27,Miami Dolphins,16,310,5307,977,5.4,19,7,291,365,588,3811,24,12,6,194,344,1496,11,4.3,72,134,1090,25,25.7,9.6,-4.88
2015,28,Tennessee Titans,16,299,4988,976,5.1,33,16,298,342,551,3503,25,17,5.8,195,371,1485,10,4,66,93,779,37,25.7,16.2,-89.79
2015,29,St. Louis Rams,16,280,4761,920,5.2,22,11,241,273,473,2805,11,11,5.7,126,429,1956,16,4.6,92,122,1057,23,24.5,10.2,-87.66
2015,30,Cleveland Browns,16,278,5311,1042,5.1,30,18,307,371,609,3782,20,12,5.7,192,380,1529,5,4,81,120,1083,34,29.8,15.2,-66.22
2015,31,Dallas Cowboys,16,275,5361,969,5.5,33,11,307,334,528,3471,16,22,6.2,175,408,1890,8,4.6,94,112,882,38,31.4,18,-51.92
2015,32,San Francisco 49ers,16,238,4860,969,5,17,5,261,322,526,3316,16,12,5.7,154,390,1544,7,4,83,113,823,24,25.8,8.2,-46.9
2016,1,Atlanta Falcons,16,540,6653,995,6.7,11,4,379,374,537,4725,38,7,8.2,239,421,1928,20,4.6,108,104,848,32,52.6,6.3,212.07
2016,2,New Orleans Saints,16,469,6816,1105,6.2,24,9,395,472,674,5074,38,15,7.2,265,404,1742,17,4.3,105,107,969,25,45.9,12.7,76.86
2016,3,New England Patriots,16,441,6180,1056,5.9,11,9,351,368,550,4308,32,2,7.5,203,482,1872,19,3.9,109,93,819,39,42.9,4.9,113.38
2016,4,Green Bay Packers,16,432,5900,1029,5.7,17,9,349,403,620,4199,40,8,6.4,222,374,1701,11,4.5,91,100,827,36,43.8,9.1,115.16
2016,5,Dallas Cowboys,16,421,6027,1010,6,15,9,358,325,483,3631,25,6,7.1,191,499,2396,24,4.8,142,105,879,25,43.9,8.7,86.3
2016,6,Arizona Cardinals,16,418,5868,1086,5.4,28,11,368,383,646,4136,28,17,6,229,399,1732,20,4.3,97,104,889,42,35,14.2,-25.79
2016,7,Oakland Raiders,16,416,5973,1048,5.7,14,7,333,379,596,4051,29,7,6.6,198,434,1922,17,4.4,98,147,1247,37,38.7,7.2,-24.48
2016,8,Indianapolis Colts,16,411,5830,1037,5.6,22,7,351,370,584,4202,32,15,6.7,220,409,1628,13,4,93,103,883,38,40.6,12.2,68.23
2016,9,San Diego Chargers,16,410,5708,1014,5.6,35,14,340,349,580,4198,33,21,6.8,214,398,1510,10,3.8,90,107,780,36,38.1,18.2,-29.1
2016,10,Buffalo Bills,16,399,5666,1012,5.6,12,5,328,286,474,3036,17,7,5.8,155,492,2630,29,5.3,146,112,960,27,36.7,6.8,60.85
2016,11,Pittsburgh Steelers,16,399,5962,1026,5.8,18,3,336,381,596,4202,33,15,6.8,210,409,1760,13,4.3,97,112,1068,29,38.5,9.9,-22.48
2016,12,Washington Redskins,16,396,6454,1009,6.4,21,9,345,407,607,4758,25,12,7.6,226,379,1696,17,4.5,89,110,909,30,43.4,11.4,105.24
2016,13,Kansas City Chiefs,16,389,5488,990,5.5,17,9,305,365,546,3740,19,8,6.5,197,412,1748,15,4.2,86,109,848,22,37.1,9,-23.04
2016,14,Tennessee Titans,16,381,5728,1008,5.7,18,7,322,307,504,3541,29,11,6.7,175,476,2187,16,4.6,115,110,1012,32,36.4,9.8,-10
2016,15,Carolina Panthers,16,369,5499,1052,5.2,29,10,318,306,563,3685,21,19,6.2,194,453,1814,16,4,99,98,835,25,34.7,14,-81.23
2016,16,Philadelphia Eagles,16,367,5398,1080,5,20,6,333,380,609,3585,16,14,5.6,192,438,1813,16,4.1,114,113,945,27,37.6,11.2,-45.33
2016,17,Miami Dolphins,16,363,5324,913,5.8,23,8,278,316,477,3500,27,15,6.9,167,406,1824,14,4.5,90,125,1142,21,30.7,11.1,-48.39
2016,18,Seattle Seahawks,16,354,5715,1012,5.6,18,6,313,368,567,4124,23,12,6.8,203,403,1591,13,3.9,85,117,970,25,37.3,9.7,-11.48
2016,19,Tampa Bay Buccaneers,16,354,5542,1066,5.2,27,9,340,355,578,3926,29,18,6.4,220,453,1616,8,3.6,80,109,926,40,32.4,14.8,-33.29
2016,20,Detroit Lions,16,346,5421,981,5.5,15,5,329,388,594,4111,24,10,6.5,217,350,1310,9,3.7,76,100,861,36,41,9,30.86
2016,21,Baltimore Ravens,16,343,5563,1079,5.2,23,7,316,439,679,4100,20,16,5.8,205,367,1463,10,4,79,125,1111,32,35.6,10.5,-86.39
2016,22,Denver Broncos,16,333,5169,1020,5.1,25,14,290,339,570,3685,20,11,6,181,410,1484,11,3.6,76,119,985,33,30.3,11.6,-94.99
2016,23,Minnesota Vikings,16,327,5041,1006,5,16,11,303,414,588,3836,20,5,6.1,209,380,1205,9,3.2,66,103,882,28,32.8,7.5,-60.91
2016,24,Cincinnati Bengals,16,325,5711,1050,5.4,17,9,341,364,563,3942,18,8,6.5,204,446,1769,17,4,100,88,726,37,35.8,8.5,30.41
2016,25,Jacksonville Jaguars,16,318,5359,1052,5.1,29,13,321,369,626,3728,24,16,5.6,207,392,1631,8,4.2,75,129,1187,39,31.4,13.6,-67.5
2016,26,New York Giants,16,310,5291,1018,5.2,27,11,289,377,598,3879,26,16,6.3,190,398,1412,6,3.5,73,88,857,26,27.5,13,-74.19
2016,27,San Francisco 49ers,16,309,4930,996,4.9,25,15,287,287,491,2911,21,10,5.4,152,458,2019,15,4.4,116,99,831,19,27.4,10.7,-75.71
2016,28,Houston Texans,16,279,5035,1071,4.7,24,8,305,347,583,3176,15,16,5.2,173,456,1859,8,4.1,102,87,868,30,31.4,11.4,-102.3
2016,29,Chicago Bears,16,279,5704,967,5.9,31,12,324,347,559,3969,19,19,6.8,212,380,1735,10,4.6,93,110,967,19,27.3,17.4,-70.06
2016,30,New York Jets,16,275,5268,1003,5.3,34,9,291,311,550,3466,16,25,5.9,166,418,1802,10,4.3,97,93,837,28,29.7,17.8,-79.69
2016,31,Cleveland Browns,16,264,4976,983,5.1,25,11,296,338,567,3264,15,14,5.2,181,350,1712,13,4.9,83,95,736,32,27.2,13.3,-72.41
2016,32,Los Angeles Rams,16,224,4203,960,4.4,29,9,245,312,536,2951,14,20,5,151,375,1252,9,3.3,68,126,1091,26,21.8,14.5,-190.35
2017,1,Los Angeles Rams,16,478,5784,1000,5.8,21,14,311,320,518,3831,28,7,7,185,454,1953,17,4.3,97,107,922,29,45.3,9.5,-43.18
2017,2,New England Patriots,16,458,6307,1070,5.9,12,4,389,389,587,4418,32,8,7.1,232,448,1889,16,4.2,107,95,835,50,49.4,6.9,114.84
2017,3,Philadelphia Eagles,16,457,5852,1073,5.5,20,11,338,341,564,3737,38,9,6.2,193,473,2115,9,4.5,108,116,962,37,40.3,9.4,21.06
2017,4,New Orleans Saints,16,448,6259,1000,6.3,18,10,332,386,536,4189,23,8,7.5,201,444,2070,23,4.7,111,105,967,20,44.6,9.1,7.38
2017,5,Jacksonville Jaguars,16,417,5855,1078,5.4,23,10,332,316,527,3593,21,13,6.5,193,527,2262,18,4.3,101,112,936,38,34.7,11.1,-36.01
2017,6,Kansas City Chiefs,16,415,6007,985,6.1,11,3,322,363,543,4104,26,8,7.1,198,405,1903,12,4.7,95,118,1044,29,44.9,6.3,-22.58
2017,7,Detroit Lions,16,410,5404,980,5.5,22,11,296,374,570,4183,29,11,6.8,210,363,1221,10,3.4,58,104,968,28,37.3,11.9,-93.68
2017,8,Pittsburgh Steelers,16,406,6047,1051,5.8,20,5,348,384,590,4380,29,15,7.1,217,437,1667,12,3.8,96,101,897,35,43,10.6,-32.55
2017,9,Baltimore Ravens,16,395,4886,1054,4.6,17,4,311,363,567,3030,20,13,5.1,168,460,1856,14,4,111,91,749,32,36.5,8.9,-132.06
2017,10,Minnesota Vikings,16,382,5710,1055,5.4,14,6,334,357,527,3753,25,8,6.8,196,501,1957,15,3.9,100,100,949,38,38.9,7.6,-54.08
2017,11,Seattle Seahawks,16,366,5286,1007,5.2,17,5,299,340,555,3657,34,12,6.1,183,409,1629,4,4,85,148,1342,31,30.5,8.6,-78.12
2017,12,Carolina Panthers,16,363,5179,1026,5,22,6,320,293,501,3077,22,16,5.7,167,490,2102,15,4.3,121,83,682,32,37.4,11.7,-100.34
2017,13,Los Angeles Chargers,16,355,6026,1020,5.9,15,4,337,366,583,4431,28,11,7.4,220,419,1595,10,3.8,84,108,927,33,33.3,8.5,-17.69
2017,14,Dallas Cowboys,16,354,5311,1005,5.3,22,9,314,309,493,3141,22,13,6,162,480,2170,18,4.5,127,97,939,25,36.3,11.1,-40.65
2017,15,Atlanta Falcons,16,353,5837,984,5.9,18,6,330,343,530,3990,21,12,7.2,200,430,1847,12,4.3,101,102,918,29,41.2,10.3,-46.05
2017,16,Washington Redskins,16,342,5199,982,5.3,27,14,278,347,540,3751,27,13,6.5,191,401,1448,10,3.6,66,92,733,21,31.9,12.6,-95.51
2017,17,Houston Texans,16,338,5120,1027,5,28,11,313,299,525,3278,28,17,5.7,180,448,1842,8,4.1,86,124,1050,47,29.2,14.6,-78.81
2017,18,Tampa Bay Buccaneers,16,335,5814,1035,5.6,27,13,352,378,605,4366,26,14,6.8,243,390,1448,8,3.7,76,104,795,33,33.7,15.4,-52.32
2017,19,Tennessee Titans,16,334,5024,974,5.2,25,8,290,306,496,3191,14,17,6,157,443,1833,18,4.1,97,85,785,36,35.1,12.6,-134.32
2017,20,San Francisco 49ers,16,331,5587,1058,5.3,23,8,321,362,607,3925,15,15,6,206,408,1662,15,4.1,88,123,988,27,37.5,12,-173.95
2017,21,Green Bay Packers,16,320,4891,999,4.9,25,7,307,352,562,3167,25,18,5.2,176,386,1724,13,4.5,99,96,789,32,30.5,13.2,-61.83
2017,22,Buffalo Bills,16,302,4842,1010,4.8,16,6,278,289,476,2825,16,10,5.4,149,487,2017,12,4.1,105,98,872,24,31.7,8.9,-156.16
2017,23,Oakland Raiders,16,301,5185,952,5.4,28,14,287,347,558,3631,23,14,6.2,178,370,1554,13,4.2,78,114,1009,31,29.2,15.2,-84.71
2017,24,New York Jets,16,298,4884,984,5,24,12,269,323,510,3182,19,12,5.7,157,427,1702,13,4,77,119,1035,35,28.6,11.1,-119.83
2017,25,Arizona Cardinals,16,295,5026,1060,4.7,25,7,310,339,598,3640,21,18,5.6,200,410,1386,6,3.4,66,110,880,44,29.2,12.4,-185.97
2017,26,Cincinnati Bengals,16,290,4488,927,4.8,23,11,267,304,510,3122,25,12,5.7,165,377,1366,6,3.6,72,110,1027,30,26.5,11.4,-108.45
2017,27,Denver Broncos,16,289,5185,1075,4.8,34,12,297,332,566,3333,19,22,5.4,180,457,1852,8,4.1,92,113,885,25,26.4,16.6,-165.14
2017,28,Miami Dolphins,16,281,4923,995,4.9,29,8,284,373,602,3535,24,21,5.6,187,360,1388,4,3.9,66,137,1154,31,25.8,15.3,-156.17
2017,29,Chicago Bears,16,264,4599,934,4.9,22,10,266,291,473,2811,13,12,5.5,144,422,1788,13,4.2,92,115,943,30,24.1,12.1,-115.2
2017,30,Indianapolis Colts,16,263,4553,994,4.6,15,6,267,285,487,2892,13,9,5.3,148,451,1661,11,3.7,94,92,779,25,29.4,8.3,-189.77
2017,31,New York Giants,16,246,5028,1036,4.9,22,8,271,373,608,3479,20,14,5.4,178,394,1549,6,3.9,66,91,895,27,22.7,11.3,-167.56
2017,32,Cleveland Browns,16,234,4942,1008,4.9,41,13,290,312,574,3228,15,28,5.2,157,384,1714,11,4.5,97,110,924,36,22,21,-233.13
2018,1,Kansas City Chiefs,16,565,6810,996,6.8,18,6,384,385,583,4955,50,12,8.1,239,387,1855,16,4.8,108,137,1152,37,52.6,10.5,298.14
2018,2,Los Angeles Rams,16,527,6738,1060,6.4,19,7,401,368,568,4507,32,12,7.5,236,459,2231,23,4.9,134,96,878,31,48.6,9.8,239.79
2018,3,New Orleans Saints,16,504,6067,1010,6,16,9,377,381,519,4042,33,7,7.5,210,471,2025,26,4.3,134,94,939,33,51.8,9.5,237.73
2018,4,New England Patriots,16,436,6295,1073,5.9,18,7,365,378,574,4258,29,11,7.2,206,478,2037,18,4.3,131,93,744,28,40.8,9.2,190.96
2018,5,Indianapolis Colts,16,433,6179,1070,5.8,24,9,371,432,644,4461,39,15,6.7,237,408,1718,13,4.2,96,120,953,38,41.2,13.2,140.47
2018,6,Seattle Seahawks,16,428,5653,1012,5.6,11,4,329,280,427,3093,35,7,6.5,156,534,2560,15,4.8,133,111,959,40,39.8,6.1,128.78
2018,7,Los Angeles Chargers,16,428,5962,945,6.3,19,7,338,348,512,4089,32,12,7.5,213,399,1873,16,4.7,100,113,967,25,42.4,10,170.19
2018,8,Pittsburgh Steelers,16,428,6453,1058,6.1,26,9,378,459,689,5008,35,17,7,251,345,1445,16,4.2,88,111,1026,39,36.8,14.3,156.16
2018,9,Chicago Bears,16,421,5502,1013,5.4,24,10,331,344,512,3564,28,14,6.5,177,468,1938,16,4.1,108,97,796,46,36.8,13.2,96.31
2018,10,Atlanta Falcons,16,414,6226,1010,6.2,18,11,352,428,617,4653,36,7,7.1,238,351,1573,11,4.5,84,101,899,30,42.9,10.7,155.08
2018,11,Houston Texans,16,402,5802,1040,5.6,16,7,333,345,506,3781,26,9,6.7,202,472,2021,12,4.3,94,105,787,37,40.3,8.1,84.1
2018,12,Tampa Bay Buccaneers,16,396,6648,1055,6.3,35,9,388,408,625,5125,36,26,7.7,265,389,1523,11,3.9,80,117,975,43,37,19,121.14
2018,13,Baltimore Ravens,16,389,5999,1135,5.3,20,11,367,334,556,3558,18,9,6.1,184,547,2441,19,4.5,153,116,940,30,40.7,10.7,72.85
2018,14,Green Bay Packers,16,376,5905,1026,5.8,15,11,332,392,640,4238,25,4,6.1,208,333,1667,14,5,98,108,937,26,38.8,6.7,108.88
2018,15,Carolina Panthers,16,376,5972,1011,5.9,22,6,356,378,563,3836,28,16,6.4,212,416,2136,17,5.1,117,92,818,27,37,12.1,117.24
2018,16,New York Giants,16,369,5697,984,5.8,19,7,297,382,583,4047,23,12,6.4,208,354,1650,13,4.7,71,114,951,18,38.4,9.6,70.53
2018,17,Cincinnati Bengals,16,368,4972,938,5.3,17,4,304,331,542,3290,27,13,5.7,182,359,1682,13,4.7,92,114,957,30,35.5,9.6,47.57
2018,18,Philadelphia Eagles,16,367,5845,1037,5.6,23,12,346,422,599,4275,29,11,6.7,221,398,1570,12,3.9,94,100,852,31,38.1,12.5,91.97
2018,19,Minnesota Vikings,16,360,5529,1003,5.5,20,10,310,425,606,4036,30,10,6.2,218,357,1493,9,4.2,66,92,779,26,32.4,10.6,7.47
2018,20,Cleveland Browns,16,359,5900,1023,5.8,24,7,314,353,574,4007,29,17,6.5,189,411,1893,15,4.6,93,112,894,32,31.2,11.4,36.91
2018,21,San Francisco 49ers,16,342,5769,1003,5.8,32,12,344,331,532,3867,26,20,6.7,201,423,1902,7,4.5,98,112,982,45,37,17.1,20.95
2018,22,Dallas Cowboys,16,339,5501,1022,5.4,17,9,322,356,527,3538,22,8,6.1,184,439,1963,13,4.5,113,104,885,25,37.9,10.1,83.04
2018,23,New York Jets,16,333,4787,971,4.9,30,11,258,299,524,3165,18,19,5.6,157,410,1622,11,4,84,114,948,17,32,14.7,-97.45
2018,24,Denver Broncos,16,329,5602,1015,5.5,21,6,320,367,588,3695,19,15,5.9,181,393,1907,18,4.9,107,125,985,32,30.6,11.3,24.23
2018,25,Detroit Lions,16,324,5236,1019,5.1,19,7,325,375,574,3576,22,12,5.8,201,404,1660,11,4.1,91,94,852,33,35.3,11,39.87
2018,26,Miami Dolphins,16,319,4638,878,5.3,23,10,252,292,455,2900,26,13,5.7,153,371,1738,7,4.7,75,108,978,24,28.3,12.5,-40.39
2018,27,Tennessee Titans,16,310,5002,940,5.3,18,6,289,293,437,2975,16,12,6.1,156,456,2027,15,4.4,106,82,727,27,34.9,10.2,10.48
2018,28,Oakland Raiders,16,290,5379,995,5.4,24,14,300,382,556,3751,19,10,6.2,197,387,1628,9,4.2,86,110,965,17,31.3,13.6,-17.92
2018,29,Washington Redskins,16,281,4795,967,5,19,4,280,311,509,3021,16,15,5.5,156,414,1774,12,4.3,96,115,1008,28,31.8,11.2,-34.07
2018,30,Buffalo Bills,16,269,4778,1008,4.7,32,9,283,271,499,2794,13,23,5.2,137,468,1984,15,4.2,108,116,992,38,26.4,15.5,-104.81
2018,31,Jacksonville Jaguars,16,245,4832,1005,4.8,29,16,277,329,536,3109,15,13,5.3,164,416,1723,7,4.1,92,121,1112,21,25,15.6,-98.17
2018,32,Arizona Cardinals,16,225,3865,902,4.3,28,10,239,283,495,2523,15,18,4.6,137,355,1342,9,3.8,76,101,786,26,19.3,15,-155.06
2019,1,Baltimore Ravens,16,531,6521,1064,6.1,15,7,386,289,440,3225,37,8,6.9,171,596,3296,21,5.5,188,109,867,27,51.8,8.4,239.99
2019,2,San Francisco 49ers,16,479,6097,1012,6,23,10,336,331,478,3792,28,13,7.4,195,498,2305,23,4.6,110,105,939,31,44.3,12,140.39
2019,3,Tampa Bay Buccaneers,16,458,6366,1086,5.9,41,11,353,382,630,4845,33,30,7.2,244,409,1521,15,3.7,81,133,1111,28,37.9,20.2,37
2019,4,New Orleans Saints,16,458,5982,1011,5.9,8,2,347,418,581,4244,36,6,7,230,405,1738,12,4.3,97,120,1036,20,46.2,4,163.04
2019,5,Kansas City Chiefs,16,451,6067,976,6.2,15,10,350,378,576,4498,30,5,7.5,211,375,1569,16,4.2,93,107,1029,46,48.8,7.9,263.38
2019,6,Dallas Cowboys,16,434,6904,1069,6.5,18,7,379,388,597,4751,30,11,7.7,229,449,2153,18,4.8,120,109,1008,30,44.6,10.3,210.77
2019,7,New England Patriots,16,420,5664,1095,5.2,15,6,338,378,620,3961,25,9,6.1,197,447,1703,17,3.8,110,94,828,31,36.3,7.4,34.62
2019,8,Minnesota Vikings,16,407,5656,970,5.8,20,12,314,319,466,3523,26,8,7.1,171,476,2133,19,4.5,106,96,895,37,41.6,10.4,98.01
2019,9,Seattle Seahawks,16,405,5991,1046,5.7,20,14,341,341,517,3791,31,6,6.7,190,481,2200,15,4.6,121,109,882,30,36.5,10.6,86.55
2019,10,Tennessee Titans,16,402,5805,949,6.1,17,9,317,297,448,3582,29,8,7.1,177,445,2223,21,5,104,99,932,36,31.4,8.6,115.88
2019,11,Los Angeles Rams,16,394,5998,1055,5.7,24,7,342,397,632,4499,22,17,6.9,222,401,1499,20,3.7,92,118,899,28,35.7,13,37.09
2019,12,Philadelphia Eagles,16,385,5772,1104,5.2,23,15,354,391,613,3833,27,8,5.9,215,454,1939,16,4.3,104,100,836,35,34.8,10.7,59.85
2019,13,Atlanta Falcons,16,381,6075,1096,5.5,25,10,383,459,684,4714,29,15,6.4,258,362,1361,10,3.8,84,119,956,41,40.8,13.2,95.51
2019,14,Houston Texans,16,378,5792,1017,5.7,22,8,346,355,534,3783,27,14,6.5,203,434,2009,17,4.6,112,111,892,31,37.9,12.4,118.67
2019,15,Green Bay Packers,16,376,5528,1020,5.4,13,9,320,356,573,3733,26,4,6.1,190,411,1795,18,4.4,90,100,774,40,37.3,6.8,113.4
2019,16,Arizona Cardinals,16,361,5467,1000,5.5,18,6,314,355,554,3477,20,12,5.8,176,396,1990,18,5,109,121,956,29,38.8,10.1,64.36
2019,17,Indianapolis Colts,16,361,5238,1016,5.2,21,11,340,307,513,3108,22,10,5.7,165,471,2130,17,4.5,131,79,670,44,36.3,11.3,74.8
2019,18,Detroit Lions,16,341,5549,1021,5.4,23,8,313,344,571,3900,28,15,6.4,196,407,1649,7,4.1,82,113,937,35,33.3,12,31.07
2019,19,New York Giants,16,341,5416,1012,5.4,33,16,311,376,607,3731,30,17,5.7,187,362,1685,11,4.7,89,90,784,35,28.6,17.8,-10.3
2019,20,Carolina Panthers,16,340,5469,1077,5.1,35,14,335,382,633,3650,17,21,5.3,230,386,1819,20,4.7,82,87,754,23,32.3,16.7,-28.07
2019,21,Los Angeles Chargers,16,337,5879,997,5.9,31,11,349,394,597,4426,24,20,7,220,366,1453,12,4,90,103,872,39,38.8,18.1,82.43
2019,22,Cleveland Browns,16,335,5455,973,5.6,28,7,305,318,539,3554,22,21,6.1,180,393,1901,15,4.8,90,122,1106,35,33.9,14.8,13.54
2019,23,Buffalo Bills,16,314,5283,1018,5.2,19,7,314,299,513,3229,21,12,5.8,162,465,2054,13,4.4,120,117,927,32,30.1,10.2,6.66
2019,24,Oakland Raiders,16,313,5819,989,5.9,17,9,315,367,523,3926,22,8,7.1,194,437,1893,13,4.3,104,128,1138,17,32.7,9.7,79.57
2019,25,Miami Dolphins,16,306,4960,1022,4.9,26,8,315,371,615,3804,22,18,5.7,210,349,1156,10,3.3,64,92,769,41,30.2,13.7,-28.85
2019,26,Jacksonville Jaguars,16,300,5468,1020,5.4,20,12,298,364,589,3760,24,8,6,183,389,1708,3,4.4,85,132,1165,30,33.9,10.2,-23.15
2019,27,Pittsburgh Steelers,16,289,4428,937,4.7,30,11,265,315,510,2981,18,19,5.5,147,395,1447,7,3.7,75,111,893,43,28.9,16,-85.56
2019,28,Denver Broncos,16,282,4777,954,5,16,6,279,312,504,3115,16,10,5.7,162,409,1662,11,4.1,77,110,912,40,32.4,9.2,-14.61
2019,29,Chicago Bears,16,280,4749,1020,4.7,19,7,297,371,580,3291,20,12,5.3,178,395,1458,8,3.7,85,103,838,34,29.1,10.3,-41.05
2019,30,Cincinnati Bengals,16,279,5169,1049,4.9,30,14,312,356,616,3652,18,16,5.5,191,385,1517,9,3.9,85,93,761,36,29.8,15.5,-60.73
2019,31,New York Jets,16,276,4368,956,4.6,25,9,253,323,521,3111,19,16,5.4,162,383,1257,6,3.3,61,115,1105,30,23.3,11.6,-112.92
2019,32,Washington Redskins,16,266,4395,885,5,21,8,248,298,479,2812,18,13,5.3,154,356,1583,9,4.4,74,106,835,20,29.5,11.9,-88.3
